Page ID,Page name,Disclaimer,Amount spent (EUR),Number of ads in Library
82362291274,ΝΕΑ ΔΗΜΟΚΡΑΤΙΑ,ΝΕΑ ΔΗΜΟΚΡΑΤΙΑ,21410,113
34848567724,Kyriakos Mitsotakis,ΝΕΑ ΔΗΜΟΚΡΑΤΙΑ,15042,12
216089191899991,Νίκος Ανδρουλάκης,ΠΑΣΟΚ - Κίνημα Αλλαγής,3052,11
12224403053,Alexis Tsipras,ΣΥ.ΡΙΖ.Α.,2659,41
31895177275,ΣΥ.ΡΙΖ.Α.,ΣΥ.ΡΙΖ.Α.,2120,20
2219917241402396,Γιάννης Μαντζουράνης,Γιάννης Μαντζουράνης,1351,50
1572650866310052,Niki Kerameus,Niki Kerameus,1328,41
309795039074935,Vassilis Kikilias,Vassilis Kikilias,1203,14
111836563539156,Τάκης Θεοδωρικάκος - Takis Theodorikakos,Takis Theodorikakos,1107,35
106465849031966,ΔΕΔΟΜΕΝΟ,ΔΕΔΟΜΕΝΟ,777,7
2131206810510315,George Vrettakos,Γιώργος Βρεττάκος,774,27
105087309241429,Αθηνά Λινού Υποψήφια Βουλευτής Βόρειου Τομέα Αθηνών,Αθηνά Λινού,743,37
412207436231536,Γιώργος Νικητιάδης,Γιώργος Νικητιάδης,737,7
59097279644,Μπάμπης Καραθάνος,XARALAMPOS KARATHANOS,734,13
106460979059304,Στυλιανού Άρης / Stilianou Aris,Στυλιανού Άρης / Stilianou Aris,702,7
1200465556797225,Θανάσης Παπαθανάσης,Θανάσης Παπαθανάσης,696,31
140247186053373,Όλγα Κεφαλογιάννη / Olga Kefalogianni,Όλγα Κεφαλογιάννη / Olga Kefalogianni,690,5
105222274877224,Sofia Zacharaki,Sofia Zacharaki,548,11
284294775065460,Konstantinos Kyranakis,Konstantinos Kyranakis,528,4
102324779466473,Σπύρος Κροκίδης,Σπύρος Κροκίδης,512,32
1645903788996329,liberal.gr,liberal.gr,502,2
91654723211,Mihalis Katrinis,Mihalis Katrinis,463,24
112152255190710,Σοφία Κομηνέα,Σοφία Κομηνέα,455,28
110940918621535,Sevi Voloudaki,Sevi Amanatidou - Voloudaki,454,29
95960413463,Kostis Hatzidakis,Kostis Hatzidakis,453,68
305998399465211,Νίκος Δένδιας,Νίκος Δένδιας,444,32
641412085923105,Ρένα Καραλαριώτου - Rena Karalariotou,Ρένα Καραλαριώτου - Rena Karalariotou,444,159
333635613794935,ΜέΡΑ25,ΜέΡΑ25,442,13
101145635135174,ΝΙΚΗ,ΝΙΚΗ,421,11
500502740051092,Harry Theoharis,Harry Theoharis,406,9
193042544144341,Γιώργος Κουμουτσάκος - Giorgos Koumoutsakos,Γιώργος Κουμουτσάκος - Giorgos Koumoutsakos,394,103
109236771962514,Χρήστος Ρόκος- Υποψήφιος Βουλευτής Α Θεσ/νίκης- Σύριζα Προοδευτική Συμμαχία,Χρήστος Ρόκος- Υποψήφιος Βουλευτής Α Θεσ/νίκης- Σύριζα Προοδευτική Συμμαχία,370,23
134552316636,Λευτέρης Αυγενάκης,Λευτέρης Αυγενάκης,362,6
412343665635401,Giannis Oikonomou,Γιάννης Οικονόμου,337,39
1968012053421354,Φώτης Καρύδας - Fotis Karidas,New Age Communications,330,7
890040954380363,Kostas Karamanlis,Kostas Karamanlis,329,27
100768865939165,Φραγκίσκος Λαμπρινός,Φραγκίσκος Β. Λαμπρινός,313,21
650432894993478,Stavros Kalafatis,Stavros Kalafatis,303,49
149478958518030,Θάνος Πλεύρης,Θάνος Πλεύρης,291,10
101011924607948,Δόμνα Μιχαηλίδου - Domna Michailidou,Δόμνα Μιχαηλίδου - Domna Michailidou,280,19
105046432271675,Κωνσταντίνος Κεφαλογιάννης,Κωνσταντίνος Κεφαλογιάννης,272,10
111732525529765,Στράτος Σιμόπουλος - Stratos Simopoulos,Stratos Simopoulos,268,9
101547001913116,Στέλιος Πέτσας,ΣΤΕΛΙΟΣ ΠΕΤΣΑΣ,262,26
296107141177054,Alexis Charitsis - Αλέξης Χαρίτσης,Αλέξης Χαρίτσης,247,45
323674011757953,Μπάμπης Παπαδημητρίου,Μπάμπης Παπαδημητρίου,245,7
287878625015994,Reader.gr,Reader.gr,244,3
226397774096827,Εθνική Δημιουργία - Δημιουργία Ξανά,Εθνική Δημιουργία - Δημιουργία Ξανά,238,36
131551513470,Γιάννης Πλακιωτάκης - Giannis Plakiotakis,Γιάννης Πλακιωτάκης - Giannis Plakiotakis,237,7
102756369212034,Αδέξιοι,Αδέξιοι,233,2
791103951054350,Yanis Varoufakis - Γιάνης Βαρουφάκης,Yanis Varoufakis - Γιάνης Βαρουφάκης,231,5
187536188017430,Άγγελος Τσιγκρής,Άγγελος Τσιγκρής,226,18
115065084896053,"Σμαρούλα Μανιάτη υποψήφια βουλευτής Ά Θεσσαλονίκης, Νέα Δημοκρατία",ΣΜΑΡΟΥΛΑ ΜΑΝΙΑΤΗ,226,9
447175396055814,Εβίτα Βαρελά - Δικηγόρος,Εβίτα Βαρελά - Δικηγόρος,223,2
371369526355978,Δημήτρης Σακελλάρης,Δημήτρης Σακελλάρης,217,18
372067293381433,Χρήστος Γιαννούλης,Χρήστος Γιαννούλης,216,9
2336604626358423,Γιάννης Μελάς,Yiannis Melas,212,5
111884348970804,Ράνια Θρασκιά / Rania Thraskia,Ράνια Θρασκιά / Rania Thraskia,212,6
1014739958659241,Dimitris Markopoulos,Dimitris Markopoulos,206,39
526882294515877,Νίκος Παπαθανάσης - Nikos Papathanasis,Nikos Papathanasis,206,11
129641880407509,Βασίλης Σπανάκης,Βασίλης Σπανάκης,206,6
344651032924154,Άννα Ροκοφύλλου - Anna Rokofyllou,Άννα Ροκοφύλλου - Anna Rokofyllou,206,16
1451227988494632,Σκουρολιάκος Πάνος,Πάνος Σκουρολιάκος,201,64
373025059396105,Θάνος Μωραΐτης,Θάνος Μωραΐτης,199,3
54529589753,ActionAid Hellas,ActionAid Hellas,199,18
317693962454904,Νίνα Γ. Κασιμάτη,Νίνα Γ. Κασιμάτη,194,2
1753360541589997,Tasos Chatzivasileiou - Τάσος Χατζηβασιλείου,Tasos Chatzivasileiou - Τάσος Χατζηβασιλείου,194,2
280496205994839,Λευτέρης Βαρουξής - Lefteris Varouxis,Λευτέρης Βαρουξής - Lefteris Varouxis,192,35
197636494453073,Μιχάλης Λιβανός,Μιχάλης Λιβανός,189,15
91877963116,WWF Greece,WWF Greece,189,22
376701069471661,Παναγιώτης Βλάχος / Panagiotis Vlachos,Panagiotis Vlachos,189,8
118529577780776,Omiros Tsapalos,Όμηρος Τσάπαλος,184,27
103994666018695,Ανδρεάδης Βασίλης Υποψήφιος Βουλευτής   Α  Θεσσαλονίκης,Andreadis Vasilis,184,3
225197477683663,Ρένα Δούρου,Ρένα Δούρου,180,63
710594356039328,Κώστας Μάρκου βουλευτής Αχαΐας-ΣΥΡΙΖΑ,Κώστας Μάρκου βουλευτής Αχαΐας-ΣΥΡΙΖΑ,179,1
886299418239270,Βασίλης Διγαλάκης - Vassilis Digalakis,Βασίλης Διγαλάκης - Vassilis Digalakis,179,6
2010823519209234,Katerina Ziouta,Katerina Ziouta,175,25
1392668311007040,Φώτης Χατζηδιάκος,Φώτης Χατζηδιάκος,173,10
196882087005924,Παύλος Γερουλάνος,Παύλος Γερουλάνος,173,4
1129215327249382,Παναγιώτης Νταής,Παναγιώτης Νταής,170,11
54211966212,Οικολόγοι ΠΡΑΣΙΝΟΙ,Οικολόγοι ΠΡΑΣΙΝΟΙ,167,10
178362315106,European Parliament,European Parliament,166,12
486537884740981,Ηρακλής Δρούλιας,Ηρακλής Δρούλιας,165,3
165710610795923,Δημήτρης Καιρίδης-Dimitris Kairidis,Δημήτρης Καιρίδης-Dimitris Kairidis,162,5
1928360394080483,Θανάσης Θεοχαρόπουλος,Θανάσης Θεοχαρόπουλος,157,22
465833120116712,Kostas Katsafados,Kostas Katsafados,154,3
629016523841011,George Katrougalos - Γιώργος Κατρούγκαλος,George Katrougalos - Γιώργος Κατρούγκαλος,148,1
2320868628143375,Ευαγγελία-Λίτσα Λιακούλη,Ευαγγελία-Λίτσα Λιακούλη,147,3
494931820680985,Σαουλίδης Αντώνης,Αντώνης Σαουλίδης - Δικηγόρος,146,8
100169441866284,Νικόλαος Καρδούλας,Νικόλαος Καρδούλας,143,2
192906947432657,Protagon.gr (official),Protagon.gr (official),143,35
115887511425581,"Αθανάσιος Μιχαήλ, Υποψήφιος Βουλευτής Β3' Νοτίου Τομέα Αθηνών Ελληνική Λύση",Αθανάσιος Μιχαήλ,141,6
1462467174050685,CNN Greece,CNN Greece,141,2
453670504778927,Ευγενία - Τζένη Αρσένη Dr. Eugenia Arsenis,Ευγενία - Τζένη Αρσένη Dr. Eugenia Arsenis,140,15
157913664236164,Φτακλάκη Παρασκευή  Ελευθερία / Ftaklaki P Eleftheria,Φτακλάκη Παρασκευή  Ελευθερία / Ftaklaki P Eleftheria,140,7
163118984514412,Σόφη Κατσίγιαννη - Sophie Katsigiannis,Σόφη Κατσίγιαννη - Sophie Katsigiannis,139,8
714133898725431,Heracles Xtizoume Mazi,Heracles Xtizoume Mazi,138,2
306140236206706,Κώστας Ζαχαριάδης,Κώστας Ζαχαριάδης,137,6
342254309739851,Σταμάτης Πουλής,Σταμάτης Πουλής,135,10
338018406750552,Νίκος Καραγιαννακίδης,Nikos Karagiannakidis,132,2
168820243214659,Σίμος Κεδίκογλου (Simos Kedikoglou),Σίμος Κεδίκογλου (Simos Kedikoglou),131,6
212250018798244,Νότης Μηταράκης (Notis Mitarachi),ΝΟΤΗΣ ΜΗΤΑΡΑΚΗΣ,131,54
100582149195797,CretaNews.eu,CretaNews.eu,130,7
375824025922589,Dimitris Saltouros - Δημήτρης Σαλτούρος,Dimitris Saltouros - Δημήτρης Σαλτούρος,129,5
802017969808347,Γιάννης Μπαλάφας,Γιάννης Μπαλάφας,129,12
1476211962415668,Μακάριος Λαζαρίδης,Μακάριος Λαζαρίδης,127,7
352726181581226,Φρόσω Καρασαρλίδου,Φρόσω Καρασαρλίδου,121,28
420892144588665,Νικήτας Κακλαμάνης - Nikitas Kaklamanis,Νικήτας Κακλαμάνης - Nikitas Kaklamanis,120,8
112308058454223,Apostolos R. Spiropoulos,Apostolos R. Spiropoulos,119,4
187177148001601,Κωνσταντίνος Καραγκούνης,Κωνσταντίνος Καραγκούνης,119,4
1748153855406537,vradini.gr,vradini.gr,119,20
1399685456995401,Ιάσονας Φωτήλας,Ιάσονας Φωτήλας,118,2
1568442923392082,Συμεών Κεδίκογλου,Συμεών Κεδίκογλου,117,2
1637375619619220,Άγγελος Αγραφιώτης,Άγγελος Αγραφιώτης,117,1
113028785103023,Mpilkas Nikos,Νίκος Μπιλίκας,116,10
171526576324330,Marios G. Salmas,Marios G. Salmas,115,4
104727832620469,Αρετή Μπατά,Αρετή Μπατά,115,19
139872412072,Coca-Cola 3E,COCA-COLA ΤΡΙΑ ΕΨΙΛΟΝ ΕΛΛΑΔΟΣ Α.Β.Ε.Ε.,114,6
489700481134251,Νεολαία Συριζα - Youth of Syriza,Νεολαία Συριζα,111,13
277842159821053,Aνδρέας Μουρατίδης Υποψήφιος βουλευτής Β Θεσσαλονίκης Σύριζα ΠΣ,Aνδρέας Μουρατίδης Υποψήφιος βουλευτής Β Θεσσαλονίκης Σύριζα ΠΣ,110,3
1810332239092208,Καμπούρης Φίλιππος - Υπ. Βουλευτής Β1 Βόρειου Τομέα Αθηνών - Ελληνική Λύση,Καμπούρης Φίλιππος - Υπ. Βουλευτής Β1 Βόρειου Τομέα Αθηνών - Ελληνική Λύση,109,2
114641258263620,Μαριανέλλα Κλώκα - Υποψήφια Βουλεύτρια Δυτικής Αττικής,Μαριανέλλα Κλώκα,107,3
116819601313359,Χρήστος Σαλαλές,Χρήστος Σαλαλές,105,11
197154300621371,Milena Apostolaki,Milena Apostolaki,105,12
440131953481694,Χρήστος Τριαντόπουλος - Christos Triantopoulos,Χρήστος Τριαντόπουλος - Christos Triantopoulos,103,17
108202487313859,Ο Πολύγραφος,Ο Πολύγραφος,102,3
235274089823081,ΕΠΑΜ Ενιαίο Παλλαϊκό Μέτωπο,Ενιαίο Παλλαϊκό Μέτωπο,≤100,7
100771372008093,powergame.gr,POWERGAME,≤100,30
365164434071412,Βασίλειος Ι. Παπαχρήστος,Βασίλειος Ι. Παπαχρήστος,≤100,5
623039581123006,Ζωή Ράπτη,Ζωή Ράπτη,≤100,5
1386236244991374,Γιώργος Κώτσηρας,Γιώργος Κώτσηρας,≤100,3
1527698557502325,Παναγιώτης Κοκκόρης / Panagiotis Kokkoris,Παναγιώτης Κοκκόρης / Panagiotis Kokkoris,≤100,1
1306987025984296,Σπήλιος Λιβανός,Σπήλιος Λιβανός,≤100,13
376833639613970,Γρηγόρης Τάσιος,Γρηγόρης Τάσιος,≤100,23
144401725709536,Δημήτρης Βαρτζόπουλος,Δημήτρης Βαρτζόπουλος,≤100,5
1481626452057320,Καρπουχτσής Κώστας / Karpouchtsis Kostas,Καρπουχτσής Κώστας / Karpouchtsis Kostas,≤100,28
2369859223330947,Kyriakos Pierrakakis,Kyriakos Pierrakakis,≤100,3
279116802432610,Ελληνική Λύση,Ελληνική Λύση,≤100,2
105121915856734,Σπύρος Χαγκαμπιμάνα - Υποψήφιος Βουλευτής Β’ Πειραιά,Σπύρος Χαγκαμπιμάνα - Υποψήφιος Βουλευτής Β’ Πειραιά,≤100,5
401979686644217,Μίλτος Χρυσομάλλης,Μίλτος Χρυσομάλλης,≤100,2
1931339600482301,Ανδρέας Τσώκος - Andreas Tsokos,Ανδρέας Τσώκος - Andreas Tsokos,≤100,6
1228787333948110,Κωνσταντίνα Καραμπατσώλη - Υποψήφια Βουλευτής Νομού Ευβοίας,Κωνσταντίνα Καραμπατσώλη - Υποψήφια Βουλευτής Νομού Ευβοίας,≤100,6
1489639131352219,Ζωή Κωνσταντοπούλου - Zoe Konstantopoulou,Πλεύση Ελευθερίας,≤100,3
349693131745214,Choose4Greece,These ads ran without a disclaimer,≤100,1
756390397816277,Στέφανος Ξεκαλάκης,Στέφανος Ξεκαλάκης,≤100,8
108236298613080,Αλέξανδρος Θεοδώρου,Αλέξανδρος Θεοδώρου,≤100,10
349629809016331,Μενέλαος Μαλτέζος,Μενέλαος Μαλτέζος,≤100,4
2268267316601394,Δημήτρης Στάμου - Dimitris Stamou,Δημήτρης Στάμου - Dimitris Stamou,≤100,1
102179895818238,George Karagiannis,George Karagiannis,≤100,2
691157010946427,Χατζηκωνσταντίνου Μαρία,Χατζηκωνσταντίνου Μαρία,≤100,2
924010554359263,Θέκλα - Ευαγγελία Παρασκευούδη I,Θέκλα - Ευαγγελία Παρασκευούδη I,≤100,10
156526271054077,Ελένη Μακρή Θεοδώρου,Μακρή-Θεοδώρου Ε.,≤100,83
610867129013632,Μάνος Κόνσολας,Μάνος Κόνσολας,≤100,8
103632234476485,Digital Mall,PROothisi,≤100,21
106166152026060,olafaq.gr,olafaq.gr,≤100,3
1524805504319812,Βάσια Αναστασίου,Βάσια Αναστασίου,≤100,9
103763011683514,any-news.gr,any-news.gr,≤100,1
1561616060574694,Χάρης Μαμουλάκης,Χάρης Μαμουλάκης,≤100,7
109203228808206,Μανόλης Χνάρης • Υποψήφιος Βουλευτής Νομού Ρεθύμνης,Manolis Xnaris,≤100,1
114349534967212,Δημήτρης Τρύφος,Election Leaders,≤100,4
111403591597567,Ζωή Ακριβούλη - Zoe Akrivouli,These ads ran without a disclaimer,≤100,2
239994762800528,Aftodioikisi.gr,Aftodioikisi.gr,≤100,2
581184139006256,Φατός Μάλαϊ,Φατός Μάλαϊ,≤100,5
264433650874916,Γιώργος Τσίπρας / Giorgos Tsipras,Γιώργος Τσίπρας / Giorgos Tsipras,≤100,4
1803075696474141,Ανδρέας Νικολακόπουλος,Andreas Nikolakopoulos,≤100,6
105306762393249,Μάρα Κουκουδάκη Υπ. Βουλευτής Α Πειραιά & Νήσων ΠΑΣΟΚ-Κινήματος Αλλαγής,Μάρα Κουκουδάκη Υπ. Βουλευτής Α Πειραιά & Νήσων ΠΑΣΟΚ-Κινήματος Αλλαγής,≤100,9
369517657247790,Σπύρος Πνευματικός - Spiros Pnevmatikos,Σπύρος Πνευματικός - Spiros Pnevmatikos,≤100,7
559647524216207,ΔΕΛΤΑ,ΔΕΛΤΑ,≤100,1
175964426091059,Γιάννης Αμανατίδης,Γιάννης Αμανατίδης,≤100,22
338464440097615,Παύλος Εμμ. Μπαριτάκης Υποψηφιος Βουλευτής ΠΑΣΟΚ Ν. Ηρακλείου,Παύλος Εμμ. Μπαριτάκης Υποψηφιος Βουλευτής ΠΑΣΟΚ Ν. Ηρακλείου,≤100,8
101381742884546,Μαρία Κουβέλη,Maria Kouveli,≤100,2
278221925707189,Παναγιώτης Πανταζής,Κ. ΠΑΠΑΛΥΜΠΕΡΗΣ ΚΑΙ ΣΙΑ Ε.Ε.,≤100,1
275804345926200,Μαριλένα Σούκουλη-Βιλιάλη,Μαριλένα Σούκουλη-Βιλιάλη,≤100,10
207842675988676,Φωτεινή Αραμπατζή,Φωτεινή Αραμπατζή,≤100,21
285375141625572,Θεοφάνης Παπάς / Fanis Papas,Θεοφάνης Παπάς / Fanis Papas,≤100,8
878694282192260,Maximos Senetakis - Μάξιμος Σενετάκης,Maximos Senetakis - Μάξιμος Σενετάκης,≤100,91
685434991575999,Θεανώ Φωτίου,Θεανώ Φωτίου,≤100,5
721977794806332,Mikelis Chatzigakis - Μικέλης Χατζηγάκης,Mikelis Chatzigakis - Μικέλης Χατζηγάκης,≤100,4
286119198537385,Γκολιδάκης Διαμαντής,Γκολιδάκης Διαμαντής,≤100,4
26335177990,Athens Voice (official),Athens Voice (official),≤100,2
382107635165820,Νεκταρία-Ελευθερία Αγγελάκη,Ελευθερία-Νεκταρία Αγγελάκη,≤100,13
330149330954913,Καλλιόπη Λάουρα - Πώλα Δαμιανού,Καλλιόπη Λάουρα - Πώλα Δαμιανού,≤100,9
1379554229015459,Βασίλης Υψηλάντης - Vassilis Ypsilantis,Βασίλης Υψηλάντης - Vassilis Ypsilantis,≤100,1
111795610578651,Ανδρέας Ξανθός - Andreas Xanthos,Ανδρέας Ξανθός,≤100,8
194206920038,Μίκα Ιατρίδη / Mika Iatridi,Μίκα Ιατρίδη / Mika Iatridi,≤100,2
1715299275281171,Νικόλαος Μανωλάκος,Νικόλαος Μανωλάκος,≤100,22
104329042595962,Κατερίνα Μπέρδου,Κατερίνα Μπέρδου,≤100,9
111176762297235,Φραγκίσκος Παρασύρης - Freddy Parasiris,Φραγκίσκος Παρασύρης - Freddy Parasiris,≤100,3
103740129063769,Πέννυ Δαλαμπούρα,Πέννυ Δαλαμπούρα,≤100,10
110033022059880,Κλειώ Αγγουράκη,Social Power,≤100,3
357199067786276,Νίκος Ταγαράς-Nikos Tagaras,Νικόλαος Ταγαράς,≤100,13
600116850434634,Παναγιώτης Κουνάκης,Παναγιώτης Κουνάκης,≤100,5
308718716701589,Γιώργος Μουλκιώτης -  Βουλευτής Βοιωτίας,Γιώργος Μουλκιώτης -  Βουλευτής Βοιωτίας,≤100,10
393186614199193,Σάββας Αναστασιάδης,Σάββας Αναστασιάδης,≤100,2
116027281414498,Μυρτώ Κοροβέση - Myrto Korovesi,Μυρτώ Κοροβέση - Myrto Korovesi,≤100,9
327810108148191,Τάνια Ελευθεριάδου - Υποψήφια βουλεύτρια Π.Ε. Καβάλας,Τάνια Ελευθεριάδου - Υποψήφια βουλεύτρια Π.Ε. Καβάλας,≤100,2
455979398306841,Ιωάννης Σηφάκης,Ιωάννης Σηφάκης,≤100,6
197065836983745,Κώστας Κιλτίδης - Kostas Kiltidis,Κωνσταντίνος Κιλτίδης,≤100,7
100107023002675,Στεφάτου Διονυσία,Στεφάτου Διονυσία,≤100,10
108183264211965,UNICEF Greece,UNICEF Greece,≤100,2
104027679003176,Νίκος Παπάζογλου Υποψήφιος βουλευτής Νοτίου Τομέα Β’3 Αθηνών,Νίκος Παπάζογλου Υποψήφιος βουλευτής Νοτίου Τομέα Β’3 Αθηνών,≤100,9
182135109370647,Φώτης Βρέκος,Φώτης Βρέκος,≤100,5
172685733238675,Nikos I. Panagiotopoulos,Nikos I. Panagiotopoulos,≤100,4
309238662543399,Giorgos Varemenos,Giorgos Varemenos,≤100,1
435920000536481,Ζαρώτης Διονύσης,Ζαρώτης Διονύσης,≤100,6
256426198335514,Γιώργος Η. Παπαηλιού,Γιώργος Η. Παπαηλιού,≤100,6
112282041769224,Λάμπρος Ν. Βαμβακάς,Λάμπρος Βαμβακάς,≤100,11
115597698115336,Tζένη Σουκαρά,Tζένη Σουκαρά,≤100,5
1473374086227997,Γιώργος Δέδες,Γιώργος Δέδες,≤100,3
329814717635670,Πέγκυ Νίκα-Παναγάκου,Πέγκυ Νίκα,≤100,5
1604493386438343,Δημήτρης Εμμανουηλίδης - Υποψήφιος Βουλευτής Π.Ε. Καβάλας,Δημήτρης Εμμανουηλίδης,≤100,8
1416763645264032,Χριστίνα Σταρακά - Christina Staraka,Χριστίνα Σταρακά - Christina Staraka,≤100,2
105607473329002,GPO - Greek Public Opinion,GPO ΕΡΕΥΝΑ ΕΠΙΚΟΙΝΩΝΙΑ ΑΝΩΝΥΜΗ ΕΤΑΙΡΕΙΑ,≤100,4
422387405253474,Ολυμπία Λόη,Ολυμπία Λόη,≤100,3
102355446129706,Φαίδρα Καρούτσου,Φαίδρα Καρούτσου,≤100,8
110030855378771,Βασιλική Τσίντζου - Υποψήφια Βουλευτής Ανατολικής Αττικής ΝΔ,Βασιλική Τσίντζου - Υποψήφια Βουλευτής Ανατολικής Αττικής ΝΔ,≤100,2
300153806801798,Μαρία Καραμεσίνη,Μαρία Καραμεσίνη,≤100,5
104734772535485,Κορνηλία Μακρή,Κορνηλία Μακρή,≤100,4
350490315356765,Γιώργος Παπαδημητρίου - George Papadimitriou,Γιώργος Παπαδημητρίου - George Papadimitriou,≤100,2
102783832811189,Αντώνης Ρόμπος Υποψήφιος βουλευτής Α Αθηνών ΣΥΡΙΖΑ,Antonis Rompos,≤100,4
105994281423281,Αντώνης Μαρκούλης,Αντώνης Μαρκούλης,≤100,3
2060067617628884,Αναστασία Σιμητροπούλου,Αναστασία Σιμητροπούλου,≤100,3
720124428038809,Γιάννης Λοβέρδος,Γιάννης Λοβέρδος,≤100,7
2358141197794345,Ιωάννης Λεβεντίδης,Ιωάννης Λεβεντίδης,≤100,4
576013156209398,Mariam Sakib - Μάριαμ Αλή Σακίμπ -  مَرْيَمُ  عَليِّ  شَكيْبُ,Mariam Sakib - Μάριαμ Αλή Σακίμπ -  مَرْيَمُ  عَليِّ  شَكيْبُ,≤100,10
627330267312880,Vouliwatch,Vouliwatch,≤100,4
401923956650723,Γιάννης Πολυχρονάκος,Γιάννης Πολυχρονάκος,≤100,20
259186795014226,Τάσος Καλλιάφας,Τάσος Καλλιάφας,≤100,5
1253522164824559,Σπύρος Βρακάς Υποψήφιος Βουλευτής Β' Αθηνών,Σπύρος Βρακάς Υποψήφιος Βουλευτής Β' Αθηνών,≤100,4
1490504664562316,Νίκος Παππάς,Νίκος Παππάς,≤100,31
23182996671,Ντόρα Μπακογιάννη - Dora Bakoyannis,Ντόρα Μπακογιάννη - Dora Bakoyannis,≤100,6
381919489336474,Tonia Antoniou / Τόνια Αντωνίου,ΤΟΝΙΑ ΑΝΤΟΝΙΟΥ,≤100,2
857019767689113,Θανάσης Μπούρας,Μπούρας Αθανάσιος,≤100,7
101752272922348,Νικόλαος Πέττας - Nikolaos Pettas,Nikolaos Pettas,≤100,27
107042385632109,Παντελής Πετσετάκης Υπ.Βουλευτής ΠΑΣΟΚ Ν.Χανίων,Παντελής Πετσετάκης Υπ.Βουλευτής ΠΑΣΟΚ Ν.Χανίων,≤100,6
107343442340008,Αθανάσιος Βαθιώτης,Βαθιώτης Αθανάσιος,≤100,53
954956944695704,Μανώλης Χριστοδουλάκης,Μανώλης Χριστοδουλάκης,≤100,3
109467748737966,Έρση Παρχαρίδου,Έρση Παρχαρίδου,≤100,5
105050739171735,Δημήτρης Δημητρίου,Δημήτρης Δημητρίου,≤100,5
109259802082754,Συμεών Κουπελόγλου - Υποψήφιος Βουλευτής Α' Θεσσαλονίκης - Ελληνική Λύση,Συμεών Κουπελόγλου - Υποψήφιος Βουλευτής Α' Θεσσαλονίκης - Ελληνική Λύση,≤100,3
387297434803237,Μάρδας Δημήτριος,Δημήτριος Μάρδας,≤100,3
495210223940083,Γιάννης Σμέρος,Γιάννης Σμέρος,≤100,2
108791052133718,Λεωνίδας Παππάς - Υποψήφιος Βουλευτής Καβάλας,Λεωνίδας Παππάς - Υποψήφιος Βουλευτής Καβάλας,≤100,7
1682369295364121,Απόστολος Βεσυρόπουλος,Απόστολος Βεσυρόπουλος,≤100,2
2271521346444458,Αγγελική Δουβή υποψήφια Βουλεύτρια Σύριζα Προοδευτική συμμαχία Β3 Αθηνών,Αγγελική Δουβή υποψήφια Βουλεύτρια Σύριζα Προοδευτική συμμαχία Β3 Αθηνών,≤100,2
121968427820147,ΜΙΧΑΛΗΣ ΚΑΡΧΙΜΑΚΗΣ,ΜΙΧΑΛΗΣ ΚΑΡΧΙΜΑΚΗΣ,≤100,6
102506872574096,Χριστίνα Φούντζουλα - Christina Fountzoula,Χριστίνα Φούντζουλα - Christina Fountzoula,≤100,4
102331898706455,Κώστας Κουκοδήμος,Κώστας Κουκοδήμος,≤100,3
486955078071400,Vavias Stavros,Vavias Stavros,≤100,2
2337554859838911,Βασίλης Τσολακίδης,Βασίλης Τσολακίδης,≤100,21
108584652164002,Απόστoλoς Πέκας,Απόστoλoς Πέκας,≤100,3
311161445703545,Μαργαρίτα Αναγνωστοπούλου,Μαργαρίτα Αναγνωστοπούλου,≤100,7
101777936021486,Καλοκύρης Θωμάς,Καλοκύρης Θωμάς,≤100,12
1547248785507340,Σταύρος Καραγκούνης,Σταύρος Καραγκούνης,≤100,18
148608811943,Άγγελος Τόλκας - Aggelos Tolkas,Άγγελος Τόλκας - Aggelos Tolkas,≤100,3
1554850174582846,politic.gr,Politic.gr,≤100,4
107286042312722,Παναγιώτης Στέφανος,Παναγιώτης Στέφανος,≤100,2
376691109742145,Γρηγόριος Πασπάτης - Grigorios Paspatis,Γρηγόριος Πασπάτης - Grigorios Paspatis,≤100,4
115445254847426,Παναγιώτης Γραμματικάκης/Panagiotis Grammatikakis,πρασινο κινημα,≤100,2
127813413748,Elena Rapti,Elena Rapti,≤100,1
407314116092988,Πέτη Πέρκα,Πέτη Πέρκα,≤100,4
1584288081801850,Χρήστος Μπουκώρος Βουλευτής Ν.Μαγνησίας,Χρήστος Μπουκώρος Βουλευτής Ν.Μαγνησίας,≤100,6
102174082694672,Αγγελική Τεντολούρη,Αγγελική Τεντολούρη,≤100,3
266294520081135,karfitsa.gr,Karfitsa,≤100,3
168168133914310,Στέφανος Σωτ. Γκίκας,Στέφανος Σωτ. Γκίκας,≤100,2
326799481598011,Λευτέρης Αβραμάκης - Υποψήφιος Βουλευτής Σερρών,Λευτέρης Αβραμάκης - Υποψήφιος Βουλευτής Σερρών,≤100,9
1654996828163758,Κώστας Σκρέκας - Kostas Skrekas,Κώστας Σκρέκας - Kostas Skrekas,≤100,2
105450949207128,Manolakos Vasileios-Μανωλάκος Βασίλειος,LEAVEYOURMARK,≤100,6
588288908260242,Πέτρος Λεκάκης,Πέτρος Λεκάκης,≤100,2
345324598921301,"Εφημερίδα ""Η Αυγή""","Εφημερίδα ""Η ΑΥΓΗ""",≤100,4
110980478628685,Όλγα Πολίτη,Όλγα Πολίτη,≤100,15
463393931074532,Ελένη Φ. Βατσινά,Ελένη Βατσινά,≤100,5
2280036795657705,Αθηνά Τραχήλη - Υποψήφια Βουλευτής Αχαϊας ΝΔ,Αθηνά Τραχήλη,≤100,11
418630141624945,Βασίλειος Γιόγιακας,Βασίλειος Γιόγιακας,≤100,3
116378608021007,Νικόλαος Πάπουτσας - Nikolaos Papoutsas,Νικόλαος Πάπουτσας - Nikolaos Papoutsas,≤100,1
118460547806327,Κέλλυ Σταμούλη,Κέλλυ Σταμούλη,≤100,3
158585487505032,Τερζής Β. Θεόδωρος,Τερζής Β. Θεόδωρος,≤100,14
118095207942622,Παναγιώτης Θ. Αγγελόπουλος- Panagiotis Th. Angelopoulos,ΠΡΑΣΙΝΟ ΚΙΝΗΜΑ,≤100,6
233531826835808,Παύλος Χρηστίδης,Παύλος Χρηστίδης,≤100,2
104568145849723,Action 24 TV,Action 24 TV,≤100,3
115783488126895,Ματθαίος Δραμητινός - Υποψήφιος Βουλευτής Μαγνησίας,Ματθαίος Δραμητινός - Υποψήφιος Βουλευτής Μαγνησίας,≤100,2
104718005935386,Πάνος Λελοβίτης,Παναγιώτης Λελοβίτης,≤100,4
534505556593636,ΣΥΡΙΖΑ ΜΑΓΝΗΣΙΑΣ,ΣΥΡΙΖΑ ΜΑΓΝΗΣΙΑΣ,≤100,4
614009789083932,ΝΔ Νεοδημοκράτες Ζωγράφου,ΝΔ Νεοδημοκράτες Ζωγράφου,≤100,6
116486484750993,Νικόλαος Γ. Βρούσγος,Asclepeo IKE,≤100,1
521845371622559,Μανόλης Καλαμπόκας - Αντιδήμαρχος Υγείας Δήμου Αθηναίων,Μανόλης Καλαμπόκας,≤100,5
733417190030587,Κατερίνα Μονογυιού Βουλευτής Κυκλάδων,Κατερίνα Μονογυιού Βουλευτής Κυκλάδων,≤100,3
102262597917639,Loatkiplus : Ομάδα Λοατκι+ Συριζα Προοδευτική Συμμαχία,Ομάδα ΛΟΑΤΚΙ+ ΣΥΡΙΖΑ ΠΣ,≤100,7
104593532567427,Έλενα Κονομόδη • Elena Konomodi,Έλενα Κονομόδη • Elena Konomodi,≤100,3
680248245734908,Στάθης Κωνσταντινίδης Βουλευτής,Στάθης Κωνσταντινίδης - Stathis Konstantinidis,≤100,5
408718393038290,Αικατερίνη - Κατερίνα Λογοθέτη,Αικατερίνη - Κατερίνα Λογοθέτη,≤100,2
110131647938040,Μάριος Διονέλλης - Πίσω Σελίδες,Μάριος Διονέλλης - Πίσω Σελίδες,≤100,6
103638701019189,Pavlos Marinakis,Pavlos Marinakis,≤100,1
2386641584944055,Zoi Vareli-Stefanidi,Zoi Vareli-Stefanidi,≤100,1
113594514959557,Μαρία Έλλη Κουτσουβέλη,Μαρία Έλλη Κουτσουβέλη,≤100,3
494083337363593,Όλγα Γεροβασίλη - Olga Gerovasili,Όλγα Γεροβασίλη - Olga Gerovasili,≤100,4
441542453310747,Γεωργία Αυγερινού - Υποψήφια Βουλευτής Ν. Λευκάδας,Γεωργία Αυγερινού - Υποψήφια Βουλευτής Ν. Λευκάδας,≤100,7
373907842792082,Ντόρα Πάλλη Πετραλιά,Ντόρα Πάλλη,≤100,8
402620960334011,Σόνια Τάνταρου Κρίγγου,Σόνια Τάνταρου Κρίγγου,≤100,4
2325548134206874,Μανώλης Μάκαρης,Emmanouil Leonardos Makaris,≤100,3
110019168724000,Σωκράτης Α. Βατάλης,Σωκράτης Α. Βατάλης,≤100,1
103352551819121,Σίσσυ Βελισσαρίου,Σίσσυ Βελισσαρίου,≤100,2
104692221824082,Energymag.gr,Energymag,≤100,13
109620288727734,Κώστας Τρομπούκης,Κώστας Τρομπούκης,≤100,7
143524585776799,Κώστας Βλάσης (Kostas Vlasis),Κώστας Βλάσης,≤100,3
330287487812887,Κώστας Πετρίδης,Κώστας Πετρίδης,≤100,3
113954454966951,Πελαγία  Πετράκη,Πελαγία  Πετράκη,≤100,14
261088024606426,"Κωνσταντίνος Μαραβέγιας, Βουλευτής - Νέα Δημοκρατία",Κωνσταντίνος Μαραβέγιας,≤100,5
1518665045080825,Νίκος Ηγουμενίδης,Νίκος Ηγουμενίδης,≤100,7
621918971620080,Γιώργος Ηλιάδης,Γιώργος Ηλιάδης,≤100,4
219186174848156,Φώντας Μπαραλιάκος,Fontas Baraliakos,≤100,14
2900340223524662,Γιώργος Αμανατίδης - Giorgos Amanatidis,Γιώργος Αμανατίδης - Giorgos Amanatidis,≤100,4
116064024784045,Nikos Spiliopoulos,Nikos Spiliopoulos,≤100,2
618544595288467,Νίκος Μπέτσιος,Νίκος Μπέτσιος,≤100,2
2140957882645467,Αλεξοπούλου Χριστίνα,Αλεξοπούλου Χριστίνα,≤100,3
320338858373148,Πάνος Σκουρλέτης - Panos Skourletis,Πάνος Σκουρλέτης - Panos Skourletis,≤100,3
262809341298659,Κατερίνα Τσουκαλά,Κατερίνα Τσουκαλά,≤100,2
630354077426821,Γιώργος Λογιάδης - George Logiadis,Γιώργος Λογιάδης - George Logiadis,≤100,5
208361402608219,Θωμάς Παπαλιάγκας,Θωμάς Παπαλιάγκας,≤100,7
434453333425441,"Βασίλης Οικονόμου, Βουλευτής Ν.Δ. Ανατολικής Αττικής","Βασίλης Οικονόμου, Βουλευτής Ν.Δ. Ανατολικής Αττικής",≤100,3
259067618110240,Μπαράκας Αθανάσιος,Μπαράκας Αθανάσιος,≤100,2
349959315189579,Δημήτρης Οικονόμου,Δημήτρης Οικονόμου,≤100,6
103613662423922,Θανάσης Τάρτης,Θανάσης Τάρτης,≤100,4
397666176920402,Βασιλική Kατριβάνου,Βασιλική Kατριβάνου,≤100,2
453376015190922,Ξένος Μανιατογιάννης,Ξένος Μανιατογιάννης,≤100,8
310648756200075,Θεόδωρος Δουλουμπέκης,Θεόδωρος Δουλουμπέκης,≤100,7
101079786281162,Τάκης Παπαϊωάννου,Τάκης Παπαϊωάννου,≤100,5
109997895339195,Χριστόφορος Κριμιζής,Χριστόφορος Κριμιζής,≤100,2
1582864785276116,Βασίλης Τσίρκας,Βασίλης Τσίρκας,≤100,3
106451991868612,Κωνσταντίνος Χριστόπουλος,Κωνσταντίνος Χριστόπουλος,≤100,2
120651984354433,Νίκος Σαχπεκίδης - Υποψήφιος Βουλευτής Κιλκίς,Outstream Laboratory,≤100,2
117037629671698,BusinessDaily,Business Daily,≤100,3
106342369126932,Liokou Copy Shop,Liokou Copy Shop,≤100,8
103992592633767,Χρήστος Γρίβας,Χρήστος Γρίβας,≤100,2
113179503448753,Maria Apatzidi,Apatzidi,≤100,3
105326869185868,Αναστάσιος Αγγέλικας / Anastasios Angelikas,Αναστάσιος Αγγέλικας / Anastasios Angelikas,≤100,2
111095181853413,Αριάδνη - Άρια Αγάτσα,Αριάδνη - Άρια Αγάτσα,≤100,2
2027185214025218,Αικατερίνη Γρηγορίου Σολωμού,Αικατερίνη Γρηγορίου Σολωμού,≤100,3
100429655913693,Σία Αναγνωστοπούλου - Sia Anagnostopoulou,Σία Αναγνωστοπούλου - Sia Anagnostopoulou,≤100,3
102839676119800,Νάντια Μονέου / Nantia Moneou,Nantia Moneou - PhysicalCure,≤100,1
106553811545931,Μαρία Συρεγγέλα - Maria Syrengela,Μαρία Συρεγγέλα - Maria Syrengela,≤100,2
1517087358567855,Θεόδωρος Ρουσόπουλος - Theodoros Roussopoulos,Θεόδωρος Ρουσόπουλος - Theodoros Roussopoulos,≤100,3
325308081704826,Αθηνά Παναγιωτίδου - Υποψήφια Βουλεύτρια Π.Ε. Καβάλας,Αθηνά Παναγιωτίδου,≤100,5
253581075582399,Μιχάλης Αγγελόπουλος,MNMS,≤100,3
102994662682693,Σωτήρης Βούλγαρης-Sotiris Voulgaris,Σωτήρης Βούλγαρης-Sotiris Voulgaris,≤100,24
107399455662284,Ξενοφώντας  Χασούρας,LEAVEYOURMARK,≤100,6
1951011988554277,Θωμαΐς Οικονόμου - Thomais Oikonomou,Θωμαΐς Οικονόμου,≤100,1
738403406180071,Μπάμπης Καούκης - ΓΣ Ομοσπονδίας Εφοριακών & ΓΓ ΔΑΚΕ Εφοριακών,Μπάμπης Καούκης - ΓΣ Ομοσπονδίας Εφοριακών & ΓΓ ΔΑΚΕ Εφοριακών,≤100,3
2428107534084155,DailyPost.gr,ΝΟΗΣΙΣ ΙΚΕ,≤100,3
107718178601878,Banks.com.gr Business News,ETHOS MEDIA,≤100,7
2384838421791770,Σμπώκος Βασίλειος,Σμπώκος Βασίλειος,≤100,8
1471749823116276,Αλέξανδρος Τριανταφυλλίδης,Αλέξανδρος Τριανταφυλλίδης,≤100,2
491555707690907,Χαρά Κεφαλίδου,Χαρά Κεφαλίδου,≤100,2
101434242894611,Χαράλαμπος Αποσκίτης - Charalampos Aposkitis,Χαράλαμπος Αποσκίτης - Charalampos Aposkitis,≤100,2
107087102313163,Γιώργος  Φερετζάνης,Γιώργος  Φερετζάνης,≤100,3
2546216805389117,Νεοκλής Κρητικός,Νεοκλής Κρητικός,≤100,4
176951229143593,Fortune Greece,Fortune Greece,≤100,1
103183105863094,Fani Giotaki-Φανή Γιωτάκη,Fani Giotaki-Φανή Γιωτάκη,≤100,3
1579168922297814,Παπανάτσιου Κατερίνα,Παπανάτσιου Κατερίνα,≤100,3
42792631889,Rallia Christidou,Rallia Christidou,≤100,2
500029690096647,Anastasios Dimoschakis- Αναστάσιος Δημοσχάκης,Anastasios Dimoschakis- Αναστάσιος Δημοσχάκης,≤100,3
2640900366136342,Λουκάς Θ. Αποστολίδης & Συνεργάτες,Λουκάς Θ. Αποστολίδης & Συνεργάτες,≤100,3
101044162932187,Φωτεινή Παντιώρα,Φωτεινή Παντιώρα,≤100,4
1451651945071858,Κώστας Τσιάρας,Κώστας Τσιάρας,≤100,5
101642784548519,Μιχάλης Τάσσου,Μιχάλης Τάσσου,≤100,2
450017952485756,Πανικιδης Σταύρος,Πανικιδης Σταύρος,≤100,1
901298436587984,Ευθύμιος Καρανάσιος - Efthimios Karanasios,Ευθύμιος Καρανάσιος - Efthimios Karanasios,≤100,5
348922522307410,Γεώργιος Φίλιππας,Γεώργιος Φίλιππας,≤100,5
186834865377068,Filippos Fortomas / Φίλιππος Φόρτωμας,Filippos Fortomas / Φίλιππος Φόρτωμας,≤100,13
653829591354454,Σπύρος Ντ. Βρεττός,Σπύρος Ντ. Βρεττός,≤100,1
116111974806431,Ασημίνα Γαρδικιώτη    Υποψήφια Βουλευτής Ελληνικης Λύσης Ανατολικής Αττικής,Asimina Gardikioti,≤100,6
232727427593648,Στάθης Γιαννακίδης,Στάθης Γιαννακίδης,≤100,3
250259219204155,Ιωάννης Μουζάλας - Ioannis Mouzalas,Ιωάννης Μουζάλας - Ioannis Mouzalas,≤100,2
397822997630478,Σπύρος Ευσταθόπουλος,Σπύρος Ευσταθόπουλος,≤100,1
415364065270631,Θεόφιλος Ξανθόπουλος,Θεόφιλος Ξανθόπουλος,≤100,4
1632988056952632,Ιωάννης Σαρακιώτης • Ioannis Sarakiotis,Ιωάννης Σαρακιώτης • Ioannis Sarakiotis,≤100,8
115143008169585,Φαίη Κυριακίδου / Fay Kyriakidou,Φαίη Κυριακίδου - Fay Kyriakidou,≤100,6
112500191809327,Γιώργος Αρμένης - Υποψήφιος Βουλευτής Ζακύνθου Συριζα - ΠΣ,ΓΙΩΡΓΟΣ ΑΡΜΕΝΗΣ - ΥΠΟΨΗΦΙΟΣ ΒΟΥΛΕΥΤΗΣ ΖΑΚΥΝΘΟΥ ΣΥΡΙΖΑ ΠΣ,≤100,4
280214268661847,Πηνελόπη Παναγιωτοπούλου,Πηνελόπη Παναγιωτοπούλου,≤100,7
103422089354231,Αριστείδης Ανδρικόπουλος,Αριστείδης Ανδρικόπουλος,≤100,3
1004900052864353,mononews.gr,mononews.gr,≤100,3
106701409061608,Παππά Παναγιώτα - Υποψήφια Βουλευτής Δυτικής Αττικής,Παππά Παναγιώτα - Υποψήφια Βουλευτής Δυτικής Αττικής,≤100,2
100203069425466,Γρηγόρης Θεοδωράκης,Γρηγόρης Θεοδωράκης,≤100,8
434931476703453,Theodoros Spiliopoulos,Theodoros Spiliopoulos,≤100,3
758281964315249,Huseyin Zeybek - Χουσεΐν Ζεϊμπέκ - Chousein Zeimpek,Huseyin Zeybek - Χουσεΐν Ζεϊμπέκ - Chousein Zeimpek,≤100,2
365731030717119,"Σκάρλας Λάμπρος, Yπ. Βουλευτής Βοιωτίας, ΠΑΣΟΚ-Κιναλ",Lampros Skarlas,≤100,3
1438293789797221,ecoelastika,ecoelastika,≤100,3
104925012096485,Evia-allright,Evia-Allright,≤100,1
300197083389622,Διονύσης Σταμενίτης  - Dionisis Stamenitis,Διονύσης Σταμενίτης  - Dionisis Stamenitis,≤100,1
112866797071639,Δημήτρης Χατζησωκράτης,Δημήτρης Χατζησωκράτης,≤100,2
104624805559697,The Common Sense,The Common Sense,≤100,1
814967308545063,ΣΥΡΙΖΑ Ηρακλείου,ΣΥΡΙΖΑ Ηρακλείου,≤100,1
878760462462818,Pierianews.gr,Pierianews.gr,≤100,3
160710677740337,Μαρία Θελερίτη,Μαρία Θελερίτη,≤100,4
119066021159483,Margaritis Patsiantas,Margaritis Patsiantas,≤100,1
109048902125863,Μαρία Στέφου Υποψήφια Βουλευτής Αχαΐας  - Σύριζα,Μαρία Στέφου Υποψήφια Βουλευτής Αχαΐας  - Σύριζα,≤100,4
668804566601196,Giorgos Patoulis,Georgios Patoulis,≤100,2
103057864872953,Radar,Radar.gr,≤100,5
468822936993234,Γιάννης Μαγκριώτης,Γιάννης Μαγκριώτης,≤100,4
104819711103133,Pod.gr,Pod.gr,≤100,1
113403811243998,"Ευάγγελος Τσαγκαράκης - Υπ. Βουλευτής Α' Ανατ.Αττικής - ""Ελεύθεροι Ξανά""","Ευάγγελος Τσαγκαράκης - Υπ. Βουλευτής Α' Ανατ.Αττικής - ""Ελεύθεροι Ξανά""",≤100,4
250016805150178,Γιάννης Καλλιάνος - Giannis Kallianos,Γιάννης Καλλιάνος - Giannis Kallianos,≤100,2
111544685172594,Γιώργος Κυριακόπουλος,Γιώργος Κυριακόπουλος,≤100,4
102227192692011,Έφη Χαλάτση,Έφη Χαλάτση,≤100,2
137997302910082,ΑΝΔΡΕΑΣ ΠΑΝΑΓΙΩΤΟΠΟΥΛΟΣ,ΑΝΔΡΕΑΣ ΠΑΝΑΓΙΩΤΟΠΟΥΛΟΣ,≤100,2
100370402997595,Γεώργιος Κ. Τσίρης,Γεώργιος Κ. Τσίρης,≤100,5
102528479430097,Βουρβουκέλης Οδυσσέας,Βουρβουκέλης Οδυσσέας,≤100,6
1406294122996413,Τάσος Μπαρτζώκας,Τάσος Μπαρτζώκας,≤100,6
1375259192718674,The TOC,The TOC,≤100,21
811800428887450,Ευσταθία Γιαννιά,Ευσταθία Γιαννιά,≤100,6
11826062300,Miltiadis Varvitsiotis,These ads ran without a disclaimer,≤100,1
571532936300273,Δημήτρης Πατσιλίβας Δυτική Αθήνα Ελληνική Λύση,Δημήτρης Πατσιλίβας Δυτική Αθήνα Ελληνική Λύση,≤100,1
110062751770166,Βασίλειος Σιλιόγκας -Υπ. Βουλευτής Β2 Δυτικός Τομέας Αθηνών,Βασίλειος Σιλιόγκας -Υπ. Βουλευτής Β2 Δυτικός Τομέας Αθηνών,≤100,7
88554311684,Evripidis Stylianidis- Ευριπίδης Στυλιανίδης,Evripidis Stylianidis- Ευριπίδης Στυλιανίδης,≤100,1
1381776255394854,Ανδρέας Κατσανιώτης,Ανδρέας Κατσανιώτης,≤100,3
186848962521,capital.gr,www.capital.gr,≤100,7
108877408781201,Θανάσης Γλαβίνας,Θανάσης Γλαβίνας,≤100,5
103161493497612,Ενιαίο Παλλαϊκό Μέτωπο - Περιφέρεια Κεντρικής Μακεδονίας,Ενιαίο Παλλαϊκό Μέτωπο - Περιφέρεια Κεντρικής Μακεδονίας,≤100,1
427461580226,iatronet,Iatronet Ltd,≤100,2
189904691178692,Ασημίνα Σκόνδρα,Ασημίνα Σκόνδρα,≤100,1
447595305390623,Mixalis Pappou,Mixalis Pappou,≤100,2
113890274527584,Ιωάννης Ξανθάκης - Υπ. Βουλευτής Β Πειραιά - “Ελεύθεροι Ξανά”,Ιωάννης Ξανθάκης - Υπ. Βουλευτής Β Πειραιά - “Ελεύθεροι Ξανά”,≤100,5
188880621877536,Καλλισθένη Πάκα,Καλλισθένη Πάκα,≤100,7
339494163887900,ΑγαΠάμε την Πόλη μας τον Άγιο Δημήτριο,ΑγαΠάμε την Πόλη μας τον Άγιο Δημήτριο,≤100,5
127082307305119,Εφημερίδα Μακεδονία,Εφημερίδα Μακεδονία,≤100,4
373912346115235,ΣΥΡΙΖΑ ΑΧΑΙΑΣ,ΣΥΡΙΖΑ ΑΧΑΙΑΣ,≤100,2
174590159233465,Thessaloniki International Film Festival,Thessaloniki International Film Festival,≤100,1
273196480036822,Δημήτρης Καλογερόπουλος,Δημήτρης Καλογερόπουλος,≤100,6
109677895379547,ΜΑΖΙ για μια Ελεύθερη Ελλάδα,ΜΑΖΙ για μια Ελεύθερη Ελλάδα,≤100,3
110255238451055,Στέλιος Φωτόπουλος Υποψήφιος Βουλευτής Ελληνικής Λύσης Α Ανατολικής Αττικής,Φωτόπουλος Στυλιανός (Στέλιος),≤100,2
105187479244942,"Σούλας Πέτρος - Υπ. Βουλευτής Σερρών, Ελληνική Λύση",Πέτρος Σούλας,≤100,5
211282472310837,Κώστας Σκανδαλίδης,Κώστας Σκανδαλίδης,≤100,1
104299506270374,Euro2day,Euro2day,≤100,3
2934752839898761,Θεοδώρα Αυγέρη,Θεοδώρα Αυγέρη,≤100,2
178357019387345,Ευάγγελος Φανίδης,Ευάγγελος Φανίδης,≤100,3
104871439107989,Justice Initiative Greece,Justice Initiative Greece,≤100,26
1382569965309561,Anna Karamanli,Anna Karamanli,≤100,1
243305176577425,Σμαρώ Βαλαβανίδου,Σμαρώ Βαλαβανίδου,≤100,6
111425493668770,Θανάσης Οικονόμου,Θανάσης Οικονόμου,≤100,3
103602616010831,Xristos Aidonis,Xristos Aidonis,≤100,1
31324524225,Greenpeace Greece,Greenpeace,≤100,2
2358509310875234,Αθηνά Γιαννουλάκη - Υποψήφια Βουλεύτρια Χανίων ΜέΡΑ25 Συμμαχία για τη Ρήξη,Αθηνά Γιαννουλάκη - Υποψήφια Βουλεύτρια Χανίων ΜέΡΑ25 Συμμαχία για τη Ρήξη,≤100,2
706654046051746,Κωνσταντίνος Αγόρης / Konstantinos Agoris,Κωνσταντίνος Αγόρης / Konstantinos Agoris,≤100,2
102620666010969,Astydama,Astydama,≤100,4
105542525124347,Γεώργιος Ζ. Παπαδάκης - Georgios Z. Papadakis,Γεώργιος Ζ. Παπαδάκης - Georgios Z. Papadakis,≤100,3
31324524225,Greenpeace Greece,Greenpeace Greece,≤100,1
2142207482526641,Ρούλα Κουσκουρή - Roula Kouskouri,Ρούλα Κουσκουρή - Roula Kouskouri,≤100,4
224388351254587,Σωκράτης Βαρδάκης - Βουλευτής Συριζα Ηρακλείου,Σωκράτης Βαρδάκης - Βουλευτής Συριζα Ηρακλείου,≤100,4
2509276165791766,Sotiris Zotos,Sotiris Zotos,≤100,3
113085294483845,Eteron,Eteron,≤100,7
107043819358404,Παναγιώτης Ψυχογυιός,Παναγιώτης Ψυχογυιός,≤100,3
106356782395745,Γιώργος Μαραγκός,ΓΙΩΡΓΟΣ ΜΑΡΑΓΚΟΣ,≤100,4
1401940050103840,Τελιγιορίδου Ολυμπία -Βουλευτής Καστοριάς - Συριζα,Ολυμπία Τελιγιορίδου,≤100,3
187534469191,Πάρις Κουκουλόπουλος,Πάρις Κουκουλόπουλος,≤100,1
263847984431325,Σούτας Νικόλαος,Σούτας Νικόλαος,≤100,3
105600501626743,THEGREENCITY,TheGreenCity,≤100,4
103626582717855,Ευαγγελία Μήτσιου - Υποψήφια Βουλευτής Ν. Ιωαννίνων,Evangelia Mitsiou,≤100,1
257010228026804,Αφροδίτη Π. Νέστορα,Αφροδίτη Π. Νέστορα,≤100,4
105206742510541,Αριστέα Καζάκου - Aristea Kazakou,Αριστέα Καζάκου - Aristea Kazakou,≤100,2
405482076845129,Θεοδώρα Τζάκρη,Θεοδώρα Τζάκρη,≤100,1
388822604594196,Γενική Γραμματεία Οικογενειακής Πολιτικής και Ισότητας των Φύλων,Γενική Γραμματεία Οικογενειακής Πολιτικής και Ισότητας των Φύλων,≤100,3
439476149583858,Θάλεια Στάχτου/Thalia Stachtou,Θάλεια Στάχτου/Thalia Stachtou,≤100,2
112698661757335,Evangelia Karydi,Evangelia Karydi,≤100,5
317654282454333,Καριπίδης Ιωάννης,Καριπίδης Ιωάννης,≤100,2
71245492515,Παντελής Ασπραδάκης - Pantelis Aspradakis,Παντελεήμων Ασπραδάκης,≤100,1
934724679892927,Μερόπη Τζούφη,Μερόπη Τζούφη,≤100,2
115555591530245,Κατερίνα Νταλντάνη,Κατερίνα Νταλντάνη,≤100,3
106860302381649,Μανώλης Καλαϊτζάκης,Emmanouil Kalaitzakis,≤100,1
107445172283338,Μαρία Νικολάρα,Μαρία Νικολάρα,≤100,2
495613237937576,Point MEDIA,Point MEDIA,≤100,5
100796582993827,Αγορή Ρούλα Κουκουμτζή,Αγορή Ρούλα Κουκουμτζή,≤100,3
145547352134137,Mag24 Online Magazine,MAG24,≤100,3
108866288797175,Κώστας -Κωσταντίνος Κόλλιας,These ads ran without a disclaimer,≤100,1
359612061446497,iEidiseis.gr,NEWSROOM Α.Ε.,≤100,2
2128322554125321,Τουμαζάτου Μαριάννα,Τουμαζάτου Μαριάννα,≤100,9
109492148688107,"Ιωάννης Καλαβρής, Υποψήφιος Βουλευτής Ν. Ευβοίας ΠΑΣΟΚ - Κινήματος Αλλαγής","Ιωάννης Καλαβρής, Υποψήφιος Βουλευτής Ν. Ευβοίας ΠΑΣΟΚ - Κινήματος Αλλαγής",≤100,1
116208438437641,Παναγιώτης Αβραμόπουλος,Παναγιώτης Αβραμόπουλος,≤100,5
2002795206680989,Θεόδωρος Αμπατζόγλου  Δήμαρχος Αμαρουσίου,Θεόδωρος Αμπατζόγλου  Δήμαρχος Αμαρουσίου,≤100,2
318632712430,Anna Efthymiou-Άννα Ευθυμίου,Anna Efthymiou-Άννα Ευθυμίου,≤100,9
107822342225787,Δύναμη Ελπίδας - Γιώργος Τσουρουνάκης,Δύναμη Ελπίδας - Γιώργος Τσουρουνάκης,≤100,5
418905812195510,Γιάννης Εριφυλλίδης - Η Καβάλα Μπροστά,Γιάννης Εριφυλλίδης - Η Καβάλα Μπροστά,≤100,1
262908277636323,F2F Insurance,F2F Insurance,≤100,13
1453465951584091,Eurolife FFH,Eurolife FFH,≤100,1
1796286800600041,Mobile Info Team for refugees in Greece - الفريق المتنقل لمعلومات اللاجئين,Mobile Info Team for refugees in Greece - الفريق المتنقل لمعلومات اللاجئين,≤100,4
1784302725130457,Ahmadiyya Muslim Community Greece,Ahmadiyya Muslim Community Greece,≤100,2
1410056202628045,Χρυσούλα Κατσαβριά - Σιωροπούλου,Χρυσούλα Κατσαβριά - Σιωροπούλου,≤100,5
115093111866664,Νίκος Χαρδαλιάς,Νίκος Χαρδαλιάς,≤100,5
298082857570091,Γιάννης Κεχρής,Γιάννης Κεχρής,≤100,3
249105865104072,Διονυσία-Θεοδώρα Αυγερινοπούλου / Dionysia-Theodora Avgerinopoulou,Διονυσία-Θεοδώρα Αυγερινοπούλου / Dionysia-Theodora Avgerinopoulou,≤100,4
590556791403274,OsteoStrong Greece,OsteoStrong Greece,≤100,2
458333674943602,"Γιάννης Παπαγιάννης, Υποψήφιος Βουλευτής ΝΔ Θεσπρωτίας","Γιάννης Παπαγιάννης, Υποψήφιος Βουλευτής ΝΔ Θεσπρωτίας",≤100,1
111151151051341,Debater,debater,≤100,6
737819592904752,Μπέττυ Σκούφα - Betty Skoufa,Μπέττυ Σκούφα - Betty Skoufa,≤100,2
117937487857128,Πάνος Γκανιάτσος,Πάνος Γκανιάτσος,≤100,1
116057964813552,Μπίρος Στέφανος,Biros Ioannis,≤100,1
121702599228573,Κατερινα Ανδρικοπουλου - Σακοραφα / Katerina Andrikopoulou Sakorafa,Κατερινα Ανδρικοπουλου - Σακοραφα / Katerina Andrikopoulou Sakorafa,≤100,2
102996301401158,Νίκος Συρμαλένιος,Νίκος Συρμαλένιος,≤100,1
186810505288805,Σπύρος Κουλκουδίνας,Σπύρος Κουλκουδίνας,≤100,5
240199722469,The Best Portal,THE BEST net I.K.E. (ΕΝΗΜΕΡΩΣΗ ΕΠΙΚΟΙΝΩΝΙΑ THE BEST I.K.E.),≤100,11
110915568643800,Κανελλής Δημήτρης - ΜέΡΑ25 Μαγνησίας Υποψήφιος Βουλευτής,Κανελλής Δημήτρης - ΜέΡΑ25 Μαγνησίας Υποψήφιος Βουλευτής,≤100,4
577211082779892,Πράσινη Αριστερά - ΜΑΖΙ,Πράσινη Αριστερά - ΜΑΖΙ,≤100,2
404966946372318,Αθανάσιος Ι. Καββαδάς,Αθανάσιος Ι. Καββαδάς,≤100,1
1492577084395342,Χαρμπίλας Βασίλειος,Χαρμπίλας Βασίλειος,≤100,2
186058051588474,Μισέλ Α. Αμπού - Χάντμπα,Μισέλ Α. Αμπού - Χάντμπα,≤100,1
468820193302597,Κινήσεις Πολιτών Για Τη Σοσιαλδημοκρατία,ΚΙΝΗΣΕΙΣ ΠΟΛΙΤΩΝ ΓΙΑ ΤΗ ΣΟΣΙΑΛΔΗΜΟΚΡΑΤΙΑ,≤100,1
180532005311979,Hit Media,Hit Media Κουτσουράκης Κωνσταντίνος,≤100,1
107098807881409,Political.gr,POLITICAL,≤100,2
100464079683051,Γιώργος Ιωακειμίδης- Υποψήφιος Περιφερειάρχης Αττικής,Attikos Kyklos Synergasias kai Empistosynhs,≤100,2
74345544990,Στέφανος Τζουμάκας,Στέφανος Τζουμάκας,≤100,3
107713108887656,Χαράλαμπος Ν. Χρυσανίδης - Υποψήφιος Δήμαρχος Καβάλας,Χαράλαμπος Ν. Χρυσανίδης - Υποψήφιος Δήμαρχος Καβάλας,≤100,1
106585104375898,Μαριλένα Γυφτέα,Μαριλένα Γυφτέα,≤100,1
2251207551812050,Μάγκυ Δούση,Μάγκυ Δούση,≤100,1
373657623287415,Κωνσταντίνα Αδάμου - Βουλευτής Β' Θεσσαλονίκης,Κωνσταντίνα Αδάμου - Βουλευτής Β' Θεσσαλονίκης,≤100,1
988326137896976,Λιάκος Ευάγγελος,Λιάκος Ευάγγελος,≤100,7
103891132651964,Αλέξανδρος Τριανταφυλλούδης,Αλέξανδρος Τριανταφυλλούδης,≤100,1
1842193576012736,Αργύρης Ντινόπουλος,Αργύρης Ντινόπουλος,≤100,1
112732735054771,Φεβρωνία-Φαίη Τύρη,Φεβρωνία-Φαίη Τύρη,≤100,2
115984454748148,Ζήσης Ζάννας Υπ. Βουλευτής Πιερίας Σύριζα,Ζήσης Ζάννας Υπ. Βουλευτής Πιερίας Σύριζα,≤100,2
102391096126485,Maria Fragki,Maria Fragki,≤100,4
2365767936847221,Αθανάσιος Λιούπης,Αθανάσιος Λιούπης,≤100,2
1188279101279706,Γαβριήλ Τσουντάνης - Υπ. Βουλευτής Ν. Ρεθύμνης,Γαβριήλ Τσουντάνης - Υπ. Βουλευτής Ν. Ρεθύμνης,≤100,1
2289275974726914,Στέλιος Μαμαλάκης,Στέλιος Μαμαλάκης,≤100,2
274197296591511,Τσαμπίρας Αριστείδης Παναγιώτης,Τσαμπίρας Αριστείδης Παναγιώτης,≤100,2
101385159602649,Κωνσταντίνος Παπαναστασίου- Υπ. Δημοτικός Σύμβουλος Κηφισιάς,Findigital,≤100,1
107888345567551,Ναπολέων Μαραβέγιας,Ναπολέων Μαραβέγιας,≤100,3
100783283013168,Γιάννης Παππάς - Προχωράμε μαζί,Ioannis Pappas,≤100,2
102175189751,gazzetta.gr,Gazzetta,≤100,2
155909083851,Odysseas Konstantinopoulos,Odysseas Konstantinopoulos,≤100,1
335952470433682,Λουκάς Ζαρογιάννης Υποψήφιος Βουλευτής ΠΑΣΟΚ - ΚΙΝΑΛ Π.Ε. Κοζάνης,Λουκάς Ζαρογιάννης Υποψήφιος Βουλευτής ΠΑΣΟΚ - ΚΙΝΑΛ Π.Ε. Κοζάνης,≤100,1
202322407038126,Μάνος Κούλας,Μάνος Κούλας,≤100,1
110844901687457,Γιώργος Μπαλάφας,Γιώργος Μπαλάφας,≤100,2
782442791937028,Κωστας Γκαβογιαννης,Κωστας Γκαβογιαννης,≤100,1
368217916600933,Αγγειοχειρουργός  Νίκος Παρασκευάς,Αγγειοχειρουργός  Νίκος Παρασκευάς,≤100,5
109075108422260,Δημοκρατική Άμυνα,Δημοκρατική Άμυνα,≤100,1
600007133357243,Αγγελική Τσουκαλά,Αγγελική Τσουκαλά,≤100,1
91157111480,News 24/7,news247.gr,≤100,1
551917914903015,ekriti.gr,ekriti.gr,≤100,5
9794632388,e-evros.gr,e-evros.gr,≤100,8
172837032739534,Notospress.gr,Notos Forum,≤100,1
1528271137424601,Στέλλα Μπίζιου,Στέλλα Μπίζιου,≤100,2
439046506142516,Αλέξανδρος Μεϊκόπουλος • Alexandros Meikopoulos,Αλέξανδρος Μεϊκόπουλος • Alexandros Meikopoulos,≤100,4
1561417253893662,Μίλτος Χατζηγιαννάκης - Miltos Chatzigiannakis,Μίλτος Χατζηγιαννάκης - Miltos Chatzigiannakis,≤100,2
101652196118089,Radio Me,Radio Me,≤100,2
101063492926468,Στέλιος Παναγούτσος Υποψήφιος Έβρου ΠΑΣΟΚ-Κίνημα Αλλαγής,Στέλιος Παναγούτσος Υποψήφιος Έβρου ΠΑΣΟΚ-Κίνημα Αλλαγής,≤100,1
1492482987698382,Epirusgate,Epirusgate,≤100,1
105260475815002,Μαρία Δρυ - Υποψήφια βουλευτής Κέρκυρας με το ΠΑΣΟΚ,Μαρία Δρυ - Υποψήφια βουλευτής Κέρκυρας με το ΠΑΣΟΚ,≤100,2
275725289734213,Konstantina Nadia Giannakopoulou,Konstantina Nadia Giannakopoulou,≤100,5
105260258009154,Κωτσιόπουλος Λευτέρης υπ.βουλευτής Νομού Κοζάνης Ελληνική Λύση,Κωτσιόπουλος Λευτέρης υπ.βουλευτής Νομού Κοζάνης Ελληνική Λύση,≤100,2
123203522953,Michalis Chrisochoidis,Michalis Chrisochoidis,≤100,1
113951988287514,Σόλων Κατσίβελας υποψήφιος Βουλευτής Β Πειραιώς,Σόλων Κατσίβελας υποψήφιος Βουλευτής Β Πειραιώς,≤100,3
110027935358239,Χαράλαμπος Αραμπατζής,Χαράλαμπος Αραμπατζής,≤100,2
211831995597479,Sofia Sakorafa,Sofia Sakorafa,≤100,2
679937105460665,Χρήστος Στρατάκης,Χρήστος Στρατάκης,≤100,2
106730482278290,Τάσος Συμεωνίδης  Αντιδήμαρχος Καθαριότητας Δ Προσοτσάνης,Τάσος Συμεωνίδης  Αντιδήμαρχος Καθαριότητας Δ Προσοτσάνης,≤100,1
110349605301401,Καραλίδης Φώτης,Καραλίδης Φώτης,≤100,3
2036642163261209,Orthos Logos News,Orthos Logos News,≤100,2
636146666853214,Ελευθερία Τζωρτζάτου Υποψήφια Βουλευτής ΠΑΣΟΚ Β'2 Δυτικού Τομέα Αθήνας,ΚΟΡΙΚΗΣ ΚΩΝΣΤΑΝΤΙΝΟΣ ΔΗΜΗΤΡΙΟΣ,≤100,2
108296542176341,Κυριάκος Χατζηλέρης Υποψήφιος Βουλευτής Δυτικής Αττικής,Κυριάκος Χατζηλέρης Υποψήφιος Βουλευτής Δυτικής Αττικής,≤100,3
1727608780803972,Λογιστικός Σύλλογος Αθηνών,Λογιστικός Σύλλογος Αθηνών,≤100,3
534857483700841,Πέτρος Ψωμάς - σπιράλ δημοτική παράταξη,Psomas Petros,≤100,1
1903473413254089,Vagelis Papakonstantinou,Vagelis Papakonstantinou,≤100,10
114363450250261,Γενική Γραμματεία Συντονισμού Διαχείρισης Αποβλήτων,Γενική Γραμματεία Συντονισμού Διαχείρισης Αποβλήτων,≤100,2
1083717278496452,tomanifesto.gr,tomanifesto.gr,≤100,1
1390745591150821,NRC - Norwegian Refugee Council,These ads ran without a disclaimer,≤100,1
109119702150102,Ιωάννης Κουκουβέλας-Υποψήφιος Βουλευτής Αχαΐας ΝΔ,Ιωάννης Κουκουβέλας-Υποψήφιος Βουλευτής Αχαΐας ΝΔ,≤100,1
110995561987961,"Παύλος Κιουμουρτζής - Υποψήφιος Βουλευτής με την ""Πλεύση Ελευθερίας""",4tessera,≤100,2
583957185039414,Χριστόφορος Βερναρδάκης,Χριστόφορος Βερναρδάκης,≤100,1
382865361786948,MyPortal.gr,JK MEDIA GROUP O.E.,≤100,1
114840771584788,Κώστη Βιόλα Μακρίνα - Υποψήφια Βουλεύτρια Β' Θεσσαλονίκης ΣΥΡΙΖΑ ΠΣ,Μακρίνα Βιόλα Κώστη,≤100,2
380564112550812,Αλέξης Τσαλπατούρος - Υποψήφιος Βουλευτής Λακωνίας,Αλέξης Τσαλπατούρος - Υποψήφιος Βουλευτής Λακωνίας,≤100,3
101736391182654,Άννα Βαγενά Κηλαηδόνη,Άννα Βαγενά Κηλαηδόνη,≤100,1
143040822415807,Flashnews.gr,flashnews.gr,≤100,1
109618802069383,Φιλήμων Ξουλόγης - Υποψήφιος Βουλευτής Π.Ε. Καβάλας,Φιλήμων Ξουλόγης - Υποψήφιος Βουλευτής Π.Ε. Καβάλας,≤100,2
159010054124599,Σπύρος Κωνσταντόπουλος,These ads ran without a disclaimer,≤100,1
118879098122544,Giorgos Petalotis,Giorgos Petalotis,≤100,1
1404202109906114,Dimitrios Kyriazidis -  Δημήτριος Κυριαζίδης,Dimitrios Kyriazidis -  Δημήτριος Κυριαζίδης,≤100,3
102953875887633,Ολυμπία Αποστόλου,Ολυμπία Αποστόλου,≤100,2
123215787362632,Μαστοράκου Άννα,Marketingad,≤100,1
1538001849807737,Συριζα - Προοδευτική Συμμαχία Κορινθίας,Συριζα - Προοδευτική Συμμαχία Κορινθίας,≤100,4
488218854548148,Φαίνη Χατζηαθανασιάδου-Feni Chatziathanasiadou,Φαίνη Χατζηαθανασιάδου-Feni Chatziathanasiadou,≤100,3
2057937780928042,Γιώργος Κρικρής,Γιώργος Κρικρής,≤100,4
165508056809834,Το Παρασκήνιο,Το Παρασκήνιο,≤100,1
104944762512920,Στέλιος Αγγελούδης,Στέλιος Αγγελούδης,≤100,1
107770655586575,Νεκτάριος Καλαντζής - Nektarios Kalantzis,Νεκτάριος Καλαντζής,≤100,4
419836488606670,Μάνος Ψαράκης,Μάνος Ψαράκης,≤100,1
320198432212117,Βαρβάρα Σαράντη,Βαρβάρα Σαράντη,≤100,2
1651084981816691,Boobam,Boobam,≤100,10
248952068844653,Ιωάννα Γκελεστάθη / Ioanna Gkelestathi,Ιωάννα Γκελεστάθη / Ioanna Gkelestathi,≤100,3
1219929278168333,Φαίδων Βόβολης,Φαίδων Βόβολης,≤100,3
101494836092130,Χαλάνδρι στο Φως,Χαλάνδρι στο Φως,≤100,1
113366611648184,Κατερίνα Γαβαλά,Κατερίνα Γαβαλά,≤100,4
113553995032456,Ηλίας Καματερός,Ηλίας Καματερός,≤100,1
108125502168153,Ζούμε Νέα Σμύρνη - Γιώργος Κρικρής Υποψ. Δήμαρχος,Ζούμε Νέα Σμύρνη - Γιώργος Κρικρής Υποψ. Δήμαρχος,≤100,4
117072912198,protothema.gr,Protothema.gr,≤100,3
108485818798420,Κουλούκι Pet Shop,These ads ran without a disclaimer,≤100,1
600435110450736,Παναγής Καππάτος,Παναγής Καππάτος,≤100,3
106325822459033,ΕΑΝ,EAN,≤100,2
109288387455480,Ορίζοντες Ηπείρου,Ορίζοντες Ηπείρου,≤100,1
1536398560005004,Εφημερίδα Ημέρα - Imera newspaper,Istros,≤100,2
105456051168158,Μπάμπης Παπαδόπουλος,Μπάμπης Παπαδόπουλος,≤100,1
892070457803678,Γιάννης Πασχαλίδης - Giannis Pasxalidis,Γιάννης Πασχαλίδης - Giannis Pasxalidis,≤100,4
102857431526747,Ecopots Greece,Garden Experts AE,≤100,3
100943726274016,Δεμερτζή Ελπινίκη Πένη,Δεμερτζή Ελπινίκη Πένη,≤100,4
105249502133823,Election Leaders - Πολιτικό Marketing,Election Leaders,≤100,2
102676656123797,Ekloges.net,DEPA TECHNOLOGIES DIGITAL AGENCY,≤100,2
298538796859273,Ματαλλιωτάκης Γιώργος (Matalliotakis Giorgos),Ματαλλιωτάκης Γιώργος (Matalliotakis Giorgos),≤100,5
203799912963587,ΕΚΦΡΑΣΗ,ΕΚΦΡΑΣΗ,≤100,4
103754084863302,Εκδόσεις Επίκεντρο,Εκδόσεις Επίκεντρο,≤100,2
123113801077401,Ψυχογιός Γιώργος - Giorgos Psychogios,Ψυχογιός Γιώργος - Giorgos Psychogios,≤100,1
121140287553719,"Ευάγγελος Γ. Βαϊράμης, Υποψήφιος Βουλευτής Μαγνησίας","Ευάγγελος Γ. Βαϊράμης, Υποψήφιος Βουλευτής Μαγνησίας",≤100,2
116416071426383,Γιώργος Στεργίου - Αργολίδα,Γιώργος Στεργίου,≤100,3
2796669553737411,Δημήτρης Χαρίτου - Βουλευτής Ν. Ροδόπης,Δημήτρης Χαρίτου - Βουλευτής Ν. Ροδόπης,≤100,1
550426935090718,Focus στις Αχαρνές,Focus στις Αχαρνές,≤100,2
1385913701647354,"Ευγενίδου Ανδρονίκη - Δημιουργία,ξανά","Ευγενίδου Ανδρονίκη - Δημιουργία,ξανά",≤100,1
108201527612821,2045.gr,2045.gr,≤100,1
159016497502067,Γιώργος Καραμέρος,Γιώργος Καραμέρος,≤100,1
113762708304468,energyinvest.gr,energyinvest.gr,≤100,5
103674704616151,Dimitris Avramopoulos,Dimitris Avramopoulos,≤100,1
108991268790471,Βασίλης Μαστρογιάννης,Βασίλης Μαστρογιάννης,≤100,1
231143160285313,Κώστας Μπακογιάννης - Kostas Bakoyannis,Κώστας Μπακογιάννης - Kostas Bakoyannis,≤100,4
108950054276789,GEK TERNA Group of Companies,GEK TERNA GROUP,≤100,1
109081780682215,E-learning ΕΚΠΑ / eπιμόρφωση ΕΚΠΑ,e-pimorfosi EKPA,≤100,1
199811186853584,vimaonline.gr,vimaonline.gr,≤100,1
267997107304429,Χρήστος Ντούτσης,Χρήστος Ντούτσης,≤100,1
108689690765463,Yellow Box,These ads ran without a disclaimer,≤100,1
265310210340158,Zonews.gr,Τάσος Γ. Τατάρογλου - Εκδόσεις Αδριάνειο,≤100,2
2329561773955704,Δημοτικός Σύμβουλος Αγίου Δημητρίου Μπάντος Μάριος-Ιωάννης,Δημοτικός Σύμβουλος Αγίου Δημητρίου Μπάντος Μάριος-Ιωάννης,≤100,2
101463371376213,Ηλίας Μήττας,Ηλίας Μήττας,≤100,1
294443673994778,Lykavitos,HT PRESS ONLINE IKE,≤100,4
217053575040532,Sms-Marketing.gr  - Μαζική Αποστολή SMS,JK MEDIA GROUP OE,≤100,1
113062201705588,Νίκος Δήμας / Nikos Dimas,Νίκος Δήμας / Nikos Dimas,≤100,2
289921871894613,Γιάννης Ταπεινός - Υποψήφιος Βουλευτής Αχαϊας ΠΑΣΟΚ,Γιάννης Ταπεινός - Υποψήφιος Βουλευτής Αχαϊας ΠΑΣΟΚ,≤100,3
270496633121891,Lakis Vasileiadis,Lakis Vasileiadis,≤100,1
2015741128732441,Χρήστος Δ. Καπετάνος,CHRISTOS KAPETANOS,≤100,1
109239332055070,Δήμητρα Αντωνίου - Dimitra Antoniou,DIMITRA ANTONIOU,≤100,1
108374938422403,Παναγιώτου Μαρία Τομεάρχης Δικαιοσύνης Υπ. Βουλευτής Ανατολικής Αττικής,Παναγιώτου Μαρία Τομεάρχης Δικαιοσύνης Υπ. Βουλευτής Ανατολικής Αττικής,≤100,1
834872633366673,Christodoulos Stefanadis,Christodoulos Stefanadis,≤100,2
108273525901862,Γιώργος Δακής Α,Γιώργος Δακής Α,≤100,1
323456224972682,Στέλιος Κυμπουρόπουλος,Στέλιος Κυμπουρόπουλος,≤100,2
1521650777997336,Αλέξανδρος Αυλωνίτης- υπ.Βουλευτής Κέρκυρας-ΣΥΡΙΖΑ/Προοδευτική Συμμαχία,Αλέξανδρος Αυλωνίτης- υπ.Βουλευτής Κέρκυρας-ΣΥΡΙΖΑ/Προοδευτική Συμμαχία,≤100,2
123836729361,New York College,New York College,≤100,1
88027997208,Διεθνής Αμνηστία - Ελληνικό Τμήμα,Amnesty International Greece,≤100,1
103657074810165,Safety alarm Νάουσα,Safety alarm Νάουσα,≤100,3
674103179323981,Μίνα Καούνη & Συνεργάτες,Μίνα Καούνη & Συνεργάτες,≤100,4
1387430934873496,Κωνσταντίνος Γ. Τσεριώνης,Κωνσταντίνος Γ. Τσεριώνης,≤100,1
2250439728530985,Δημήτρης Οικονόμου - Υποψήφιος Δήμαρχος Παπάγου-Χολαργού,Δημήτρης Οικονόμου - Υποψήφιος Δήμαρχος Παπάγου-Χολαργού,≤100,3
100594876298378,Θανάσης Λύρος - Υποψήφιος Δήμαρχος Ι. Π. Μεσολογγίου,Θανάσης Λύρος - Υποψήφιος Δήμαρχος Ι. Π. Μεσολογγίου,≤100,2
100989056256058,Νέα Εποχή - Νέα Αρχή - Δύναμη Ευθύνης,Νέα Εποχή Νέα Αρχή,≤100,2
2252435364986515,Παπαδόπουλος  Βασίλειος,Παπαδόπουλος  Βασίλειος,≤100,1
101877042888009,Μαριάνα Τσίχλη,Μαριάνα Τσίχλη,≤100,2
1218102778236691,Γιώργος Στύλιος,Γιώργος Στύλιος,≤100,2
404943763565640,Μανόλης Θραψανιώτης,Μανόλης Θραψανιώτης,≤100,1
103727686034569,Όλια Νικολοπούλου,Όλια Νικολοπούλου,≤100,1
527351247377965,European Committee of the Regions,European Committee of the Regions,≤100,2
709610269454262,Γιώργος Κωτσός,Γιώργος Κωτσός,≤100,2
633964833608956,dikastiko.gr,Dikastiko.gr,≤100,1
104427259322325,Κωνσταντίνος Σωτηριάδης Υποψήφιος Βουλευτής Ημαθίας - Οικολόγοι Πράσινοι,Οικολόγοι Πράσινοι,≤100,1
2051879855080785,TEXAN SA,ΤΕΧΑΝ A.B.E.E.,≤100,1
594246997733242,Πλάρα Χριστίνα,Πλάρα Χριστίνα,≤100,2
136037141194815,Koumanto,Koumanto,≤100,1
10329101393,Palmos Analysis,Palmos Analysis,≤100,1
1694101127583045,Χρήστος Τεντόμας,Χρήστος Τεντόμας,≤100,2
372348980029157,Χρύσα Αστρινάκη - Chrysa Astrinaki,Χρύσα Αστρινάκη - Chrysa Astrinaki,≤100,1
618521531881415,Συμμαχία Δημιουργίας για το Δήμο Ζωγράφου,Συμμαχία Δημιουργίας για το Δήμο Ζωγράφου,≤100,6
578165919234150,Vermut,Vermut,≤100,1
733277970113095,Τριαντάφυλλος Αλμπάνης,These ads ran without a disclaimer,≤100,1
103914335903607,Κλαίρη Δεληγιάννη-Klairi Deligianni,Κλαίρη Δεληγιάννη-Klairi Deligianni,≤100,1
114154418263763,Χρυσούλα Καραγιάννη  - Cryrssoula Karagianni,Χρυσούλα Καραγιάννη  - Cryrssoula Karagianni,≤100,1
143024356408798,Ιωάννης Σεπτούχας,Ιωάννης Σεπτούχας,≤100,3
267353906619818,Mr. Gugu & Miss Go,These ads ran without a disclaimer,≤100,7
1859719680758779,Σπύρος Σταματόπουλος,Σπύρος Σταματόπουλος,≤100,1
103516278807096,Μηνάς Λυριστής,Μηνάς Λυριστής,≤100,1
1706637282946540,Πανελλήνιο Κέντρο Οικολογικών Ερευνών - ΠΑΚΟΕ,ΠΑΝΕΛΛΗΝΙΟ ΚΕΝΤΡΟ ΟΙΚΟΛΟΓΙΚΩΝ ΕΡΕΥΝΩΝ (ΠΑ.Κ.Ο.Ε),≤100,3
248244001876102,Κουρουμπλής Παναγιώτης/Kouroumplis Panagiotis,Κουρουμπλής Παναγιώτης/Kouroumplis Panagiotis,≤100,1
219634128212269,Ασφαλιστική Αγορά,Asfalistiki Agora,≤100,1
114541170275728,Άννα Μάνη Παπαδημητρίου,Άννα Μάνη Παπαδημητρίου,≤100,1
107993708884648,Σαρωνικός Δύναμη Πνοής,Σαρωνικός Δύναμη Πνοής,≤100,2
110978177728403,Δημιουργικοί Ανθρωποι Νομου Λεσβου,Δημιουργικοί Ανθρωποι Νομου Λεσβου,≤100,1
189447644411220,Antivirus magazine,Antivirus magazine,≤100,1
610130059162707,FACT,FACT,≤100,1
113200160553662,Ioannis Bratakos,Ioannis Bratakos,≤100,1
103781008209586,Pallini24.gr,Pallini24.gr,≤100,1
105475882182783,Ναυτικό Επιμελητήριο Ελλάδος,Ναυτικό Επιμελητήριο της Ελλάδος,≤100,2
104599118741977,Radio Zografou,Radio Zografou (Lab ICT Heron),≤100,2
104498115977104,Τολμάμε · Αλλάζουμε · Δημιουργούμε,Τολμάμε αλλάζουμε δημιουργούμε,≤100,2
107933368450978,Παπαγόρας Αντώνης • Papagoras Antonis,Παπαγόρας Αντώνης • Papagoras Antonis,≤100,2
521118197986083,Lawspot.gr,These ads ran without a disclaimer,≤100,1
1052625818194275,Χαρά Καφαντάρη - Chara Kafantari,Χαρά Καφαντάρη - Chara Kafantari,≤100,1
1581460958664679,Χαϊλατζίδου Θεοδοσία - Γνωσούλα,Χαϊλατζίδου Θεοδοσία - Γνωσούλα,≤100,1
100506899670585,Exit-poll.gr,EXIT-POLL.GR,≤100,1
112118131560242,Βασιλική Καρποντίνη -  Υπ. Βουλευτής Β2 Αθηνών - “Ελεύθεροι Ξανά”,Βασιλική Καρποντίνη -  Υπ. Βουλευτής Β2 Αθηνών - “Ελεύθεροι Ξανά”,≤100,1
113819134958338,ΑΡΧΗ για τον Δήμο Αλεξανδρούπολης,ΑΡΧΗ για τον Δήμο Αλεξανδρούπολης,≤100,1
319787174841441,Κωνσταντίνα Αντερριώτη,Κωνσταντίνα Αντερριώτη,≤100,1
378892026193835,OnCamera.gr,AVMap GIS ΑΕ,≤100,2
109706817338385,MoveD.gr,MoveD.gr,≤100,1
1409910442611809,Γιάννης Μπουλέκος,Γιάννης Μπουλέκος,≤100,1
103758022640013,"Κοντεζάκης Βασίλειος, Υποψ. Βουλευτής ΠΑΣΟΚ Ν.Χανίων","Κοντεζάκης Βασίλειος, Υποψ. Βουλευτής ΠΑΣΟΚ Ν.Χανίων",≤100,1
104599118741977,Radio Zografou,These ads ran without a disclaimer,≤100,2
449251365208475,Κώστας Ιακώβου / Kostas Iakovou,Κώστας Ιακώβου / Kostas Iakovou,≤100,2
100931929521178,Nαυπλία Ενωμένη - Πορεία για το μέλλον,Nαυπλία Ενωμένη - Πορεία για το μέλλον,≤100,1
101167412891548,Γρηγόρης Αλεξόπουλος -Υποψήφιος Δήμαρχος Δήμου Δυτικής Αχαΐας,Γρηγόρης Αλεξόπουλος -Υποψήφιος Δήμαρχος Δήμου Δυτικής Αχαΐας,≤100,1
109030048800110,Δάντση Παρασκευή - Εύη Υποψήφια Βουλευτής Ν. Πέλλας,Δάντση Παρασκευή - Εύη Υποψήφια Βουλευτής Ν. Πέλλας,≤100,1
2051793131808231,Αννίβας Παπακυριάκος  Δημοτική  Ενωτική  Κίνηση,Αννίβας Παπακυριάκος  Δημοτική  Ενωτική  Κίνηση,≤100,1
133169723044,Katerina Batzeli,Katerina Batzeli,≤100,1
611274705567424,Ινστιτούτο Νίκος Πουλαντζάς- Nicos Poulantzas Institute,Ινστιτούτο Νίκος Πουλαντζάς- Nicos Poulantzas Institute,≤100,2
106587778879248,Σωτήριος Γιάκης - Sotirios Giakis,Σωτήριος Γιάκης,≤100,1
130823344290530,Grigoris Skoularikis - Γρηγόρης Σκουλαρίκης,Grigoris Skoularikis - Γρηγόρης Σκουλαρίκης,≤100,1
1365876100204293,Dionysis Kalamatianos - Διονύσης Καλαματιανός,Dionysis Kalamatianos - Διονύσης Καλαματιανός,≤100,1
107966155604528,Σοφία Λαβασά - Υποψήφια Βουλευτής Β' Θεσσαλονίκης,These ads ran without a disclaimer,≤100,1
42590763875,Dimitris Karras,Dimitris Karras,≤100,1
754764017985379,Σουζάνα Καϊλάρη - Εθνική Δημιουργία,Σουζάνα Καϊλάρη - Εθνική Δημιουργία,≤100,1
1539569299622022,Συριζα Βέλου-Βόχας,Συριζα Βέλου-Βόχας,≤100,1
146224542103767,Athens Review of Books,Athens Review of Books,≤100,1
578881372211864,Το Χαϊδάρι ψηλά - Αποστόλης Θεοφίλης,Το Χαϊδάρι ψηλά - Αποστόλης Θεοφίλης,≤100,1
100835249202488,Exilium Events,These ads ran without a disclaimer,≤100,1
103265239289746,Radcast.gr,Radcast.gr,≤100,1
111015685257403,Προκόπιος Μέριανος Υποψήφιος Δημοτικός Σύμβουλος,Προκόπιος Μέριανος Υποψήφιος Δημοτικός Σύμβουλος,≤100,2
482318442184962,Κωνσταντίνος Κοσμίδης Οικονομολόγος Τραπεζικός,Κωνσταντίνος Κοσμίδης Οικονομολόγος Τραπεζικός,≤100,2
1213680875367973,Στέργιος Γιαννάκης,Στέργιος Γιαννάκης,≤100,3
2176318779356508,Κέντρο Βιογενετικής,Κέντρο Βιογενετικής,≤100,2
697059720410685,Θανάσης Αυγερινός Αντιπεριφερειάρχης Ανατολικής Αττικής,Θανάσης Αυγερινός Αντιπεριφερειάρχης Ανατολικής Αττικής,≤100,1
598223496974560,Κυριάκος Σεμερτζίδης,Κυριάκος Σεμερτζίδης,≤100,1
402203919858090,Πολιτεία Παπάγου Χολαργού,Πολιτεία Παπάγου Χολαργού,≤100,1
104842425947983,Charalampos Papacharalampous,Χαράλαμπος Παπαχαραλάμπους,≤100,2
1827115280916402,Αγγελόπουλος Κωνσταντίνος,Αγγελόπουλος Κωνσταντίνος,≤100,1
1998194453582870,Pros-Eleusis,Mentor,≤100,1
414352232492398,Αθανάσιος Σταυρόπουλος,Αθανάσιος Σταυρόπουλος,≤100,1
106171368184135,poseidonas.giannopoulos,These ads ran without a disclaimer,≤100,1
2367407163544801,Ελληνική Λύση Πέλλας Δέλλιος Γρηγόρης,Ελληνική Λύση Πέλλας Δέλλιος Γρηγόρης,≤100,1
108077234650241,Κωνσταντίνος Γεωργιάδης,Κωνσταντίνος Γεωργιάδης,≤100,2
305855589763152,Λαέρτης Ανταλόπουλος - Κόμμα Πρόδρομου Εμφιετζόγλου Νότιος Τομέας Αθηνών,Λαέρτης Ανταλόπουλος - Κόμμα Πρόδρομου Εμφιετζόγλου Νότιος Τομέας Αθηνών,≤100,1
101754796229382,Γεώργιος Ταουσάνης - Υπ. Βουλευτής Ν. Χίου - “Ελεύθεροι Ξανά”,Γεώργιος Ταουσάνης - Υπ. Βουλευτής Ν. Χίου - “Ελεύθεροι Ξανά”,≤100,2
89151782746,Fauna & Flora,These ads ran without a disclaimer,≤100,3
106952522717824,Iefimerida,iefimerida,≤100,2
111004621475561,Ootopia,These ads ran without a disclaimer,≤100,1
1520804594812977,Γιάννης Μπουρνούς - Yiannis Bournous,Γιάννης Μπουρνούς - Yiannis Bournous,≤100,1
108536813924937,Georgios Georgantas,Georgios Georgantas,≤100,1
1397405843841104,Ines de la Fressange Paris,These ads ran without a disclaimer,≤100,1
571687746562532,Ruler Digital Agency,Ruler Digital Agency,≤100,1
751503651885833,Δημήτρης Κούβελας - Dimitris Kouvelas,Δημήτρης Κούβελας - Dimitris Kouvelas,≤100,1
187766727949541,Deportivo Alavés,These ads ran without a disclaimer,≤100,3
1473321922884514,Chińskie Radio Międzynarodowe,These ads ran without a disclaimer,≤100,1
100912541413695,Más Impulso,These ads ran without a disclaimer,≤100,2
565225540184937,CGTN,These ads ran without a disclaimer,≤100,1
357286488269213,Βάσω Χοχλάκα - Vaso Hohlaka,These ads ran without a disclaimer,≤100,1