id,name,created_at,advertisers_entities.id,entities.short_name,entities.is_active,entities.is_political,countries.name,countries.alpha2,advertisers_platforms.advertiser_platform_ref,advertisers_platforms.advertiser_platform_name,platforms.name
0cdaf456-945a-468f-8c5a-8471a356c020,AK Parti Manisa Yunusemre İlçe Başkanlığı,2023-04-13T10:55:26.857Z,3d5f41ce-7352-4458-ba0b-467347fc8a1f,AKP,true,true,Turkey,tr,463298557101498,AK Parti Manisa Yunusemre İlçe Başkanlığı,Facebook
150a2f9f-817a-4885-aa02-6f82d8954432,AK Parti Akhisar İlçe Teşkilatı,2023-04-25T06:55:12.748Z,011b7b7d-cce5-42f5-a49e-8f25eadfd220,AKP,true,true,Turkey,tr,372064082969329,AK Parti Akhisar İlçe Teşkilatı,Facebook
31e2c307-0cd6-4ade-a68e-a9f30eb7a7f5,AK Parti Aydın Gençlik Kolları İl Başkanlığı,2023-04-14T08:50:41.728Z,713e4f31-8e13-405d-96ba-018596efb86b,AKP,true,true,Turkey,tr,473666462667287,AK Parti Aydın Gençlik Kolları İl Başkanlığı,Facebook
3214f21c-57bd-4dc6-9fe8-c43780bf833d,Eyüp Eroğlu,2023-02-07T15:05:00.570Z,5e1f2638-60b2-49fc-b6e1-db2abad75679,AKP,true,true,Turkey,tr,369391953226531,Eyüp Eroğlu,Facebook
37b9bada-f791-49b6-9bb0-5fca93faf58c,Dr. Şadi YAZICI,2023-02-24T10:55:25.461Z,58d27890-abb2-47ca-859a-9ad3b2dcacbc,AKP,true,true,Turkey,tr,180404128680446,Dr. Şadi YAZICI,Facebook
3e8e8338-ad16-4f1a-bef2-751aa268d04a,AK Parti İnegöl İlçe Başkanlığı,2023-04-24T06:55:26.325Z,5dc16e3b-6321-4e70-b421-730ba9e4c2e3,AKP,true,true,Turkey,tr,101857189872663,AK Parti İnegöl İlçe Başkanlığı,Facebook
46f74119-21fa-492e-9d59-be1e9a01dd05,AK Parti Kaman İlçe Teşkilatı,2023-04-27T06:55:25.808Z,c237e66f-8582-441e-8b6e-73e8ffb61dbd,AKP,true,true,Turkey,tr,225545067816330,AK Parti Kaman İlçe Teşkilatı,Facebook
4790ae74-7496-4e3d-9839-4cd29bf04a30,AK Parti Zonguldak İl Başkanlığı,2023-05-05T06:54:50.383Z,5f9754fa-4529-448b-ade2-41ac98b97ea4,AKP,true,true,Turkey,tr,161063617352762,AK Parti Zonguldak İl Başkanlığı,Facebook
5719a4eb-7b45-422b-b498-e532e4b699b3,AK Parti Samsun İl Başkanlığı,2023-02-07T15:05:00.798Z,5aff8fff-c957-410a-bd60-b7aec5fb21f4,AKP,true,true,Turkey,tr,1424394931135090,AK Parti Samsun İl Başkanlığı,Facebook
58353240-87ef-4b7e-96b0-0a952814694d,Ak Parti Kırklareli Merkez İlçe Başkanlığı,2023-03-25T10:55:13.522Z,9587cc37-8ecf-4401-b483-dcc9bc0cf995,AKP,true,true,Turkey,tr,689436377916471,Ak Parti Kırklareli Merkez İlçe Başkanlığı,Facebook
5eab436f-1b13-4d98-b3ce-8a796c4a7947,AK PARTİ ANKARA İL BAŞKANLIĞI,2023-04-24T06:55:26.040Z,03c88c38-ca35-4642-9636-78f425ce09f3,AKP,true,true,Turkey,tr,373938392217,AK PARTİ ANKARA İL BAŞKANLIĞI,Facebook
608ff8d4-adac-402d-b478-3cb58739ca4d,Davut Gürkan,2023-04-29T06:55:21.322Z,4d428960-124d-4cb7-a6ce-054233b876f1,AKP,true,true,Turkey,tr,338192240782851,Davut Gürkan,Facebook
646fe88a-6436-41f7-9ec9-31984d68ef55,Emrah Emrali Ak Parti Çorum Milletvekili A. Adayı,2023-03-26T10:55:17.540Z,e8c729de-7e65-414b-bf78-65fd0d0638d2,AKP,true,true,Turkey,tr,117003777970577,Emrah Emrali Ak Parti Çorum Milletvekili A. Adayı,Facebook
69badccb-be65-4127-ad6a-2574071fab37,AK Parti Bolu İl Başkanlığı,2023-05-06T06:55:07.698Z,b4061b71-b194-46fe-aa78-bd84b71d2380,AKP,true,true,Turkey,tr,480319408677754,AK Parti Bolu İl Başkanlığı,Facebook
7fcf5ca2-be19-470d-a408-678754007608,AK Parti Aydın İl Başkanlığı,2023-05-11T06:55:33.738Z,540e8def-ea47-49e4-b5ba-11921dfe4c86,AKP,true,true,Turkey,tr,439822306126813,AK Parti Aydın İl Başkanlığı,Facebook
804cd908-7cf5-483b-ae81-384fa18dfd0b,AK Parti Çiğli İlçe Başkanlığı,2023-04-30T06:54:57.250Z,c9044d2d-cd43-4284-a072-4b7055d65756,AKP,true,true,Turkey,tr,1574052889515906,AK Parti Çiğli İlçe Başkanlığı,Facebook
822f0eca-77aa-459d-8a8f-fc17595114bb,AK Parti Nazilli İlçe Başkanlığı,2023-04-10T10:54:56.632Z,f239aaaa-e49a-4330-a940-cf2f5da7519c,AKP,true,true,Turkey,tr,1555957481304820,AK Parti Nazilli İlçe Başkanlığı,Facebook
83abe37e-67a5-47e8-93f7-71254db64bb7,AK Parti Rize İl Başkanlığı,2023-05-03T06:54:52.408Z,741e1518-8c75-4ca8-a45f-98b5291b7776,AKP,true,true,Turkey,tr,1382994178639723,AK Parti Rize İl Başkanlığı,Facebook
8692e67b-00b7-405a-bcb0-fb8c4b3acfbc,Tolga Erener AK PARTİ Giresun Milletvekili Aday Adayı,2023-03-27T10:55:36.528Z,30fa0b1c-2d3a-4222-8c97-33eb95ed7989,AKP,true,true,Turkey,tr,125443057854939,Tolga Erener AK PARTİ Giresun Milletvekili Aday Adayı,Facebook
870030a7-1938-4574-a09a-d058b0b3831a,AK Parti Bursa İl Başkanlığı,2023-05-04T06:54:51.821Z,ee4a817c-c111-48e2-a402-3e8ca9812e29,AKP,true,true,Turkey,tr,136130166537386,AK Parti Bursa İl Başkanlığı,Facebook
93e303f7-6ddc-46ca-ac58-bc7e0493e0f2,AK Parti Manisa İl Başkanlığı,2023-05-02T06:55:25.996Z,e8c6ab94-206f-4e0a-9896-16b9c2322a54,AKP,true,true,Turkey,tr,125583954288495,AK Parti Manisa İl Başkanlığı,Facebook
a2aa0b19-da92-4f9c-89f8-618cd2218e4a,AK PARTi Genel Merkez Gençlik Kolları Başkanlığı,2023-02-07T15:05:00.717Z,cc69c3e8-d347-4fc2-bc56-fb77bb653e40,AKP,true,true,Turkey,tr,217712041637127,AK PARTi Genel Merkez Gençlik Kolları Başkanlığı,Facebook
ad4876b6-6de9-4bdb-93ed-e4fe1e1f161a,Kürşat Engin Özcan,2023-02-07T15:05:00.568Z,3f3129f6-5e95-4d4b-b3b8-29b9871b5e07,AKP,true,true,Turkey,tr,2701328356551452,Kürşat Engin Özcan,Facebook
b1ab0b65-de51-467c-a3a5-7a0360b12c96,AK Parti Denizli İl Başkanlığı,2023-03-31T10:55:39.658Z,a9f9a438-8d47-45a0-b616-7a5bbab04bc3,AKP,true,true,Turkey,tr,546697155416305,AK Parti Denizli İl Başkanlığı,Facebook
b38a698e-b583-4ebf-9183-7c0bfdbd8fcf,AK Parti Afyonkarahisar İl Başkanlığı,2023-04-20T06:55:17.233Z,0a72a798-9dc5-445e-af7c-3c302ca6ca65,AKP,true,true,Turkey,tr,320343148103104,AK Parti Afyonkarahisar İl Başkanlığı,Facebook
bb2a7ab2-b059-4c82-b64e-53739c862908,Al Sancak Partisi,2023-02-07T15:05:00.737Z,e461916f-7a40-402a-8580-9c99903f1bef,AKP,true,true,Turkey,tr,108552928182311,Al Sancak Partisi,Facebook
bd048307-d130-49bc-a547-0fa836d4b7f1,AK Parti,2023-03-08T16:37:42.902Z,1d024f87-109e-4b96-8851-87dbdfa3a420,AKP,true,true,Turkey,tr,141870402543282,AK Parti,Facebook
c42e6746-ad1c-4ae4-bdb4-cb7b7dcdb78e,Erdoğan Gönüllüleri,2023-03-30T10:55:18.495Z,d57cbfac-318a-46b8-8d8a-e38e06e3ebfe,AKP,true,true,Turkey,tr,497191817041688,Erdoğan Gönüllüleri,Facebook
c539f97b-ba10-4753-92ad-f1b38fab0167,AK Parti İstanbul,2023-03-08T14:47:51.147Z,f5d02711-2bc5-4bba-81e1-1f6d7530adf5,AKP,true,true,Turkey,tr,111436922211991,AK Parti İstanbul,Facebook
c6276332-3a9f-4b87-9da5-a2f825df4d8c,Murat Kurum,2023-05-01T06:55:10.366Z,22cb7193-6218-4a53-a523-85f2cfb72fb5,AKP,true,true,Turkey,tr,1160506840785202,Murat Kurum,Facebook
ca976273-7898-4fb8-a5cd-76db4927bc4f,Ak Parti/MHP/BBP Cumhur İttifakı,2023-03-08T14:47:51.347Z,e30ff8e1-8fdb-421e-ba51-fc9da071259d,AKP,true,true,Turkey,tr,100729588398227,Ak Parti/MHP/BBP Cumhur İttifakı,Facebook
cda9efaf-ace7-47ef-bcce-c823b4e68bfb,Nedenoyvereyim,2023-04-21T06:55:37.921Z,bae64275-b130-464c-861d-7564081059e5,AKP,true,true,Turkey,tr,114242991638875,Nedenoyvereyim,Facebook
d6174bbf-6aec-47b7-af74-bf3f6300e1fc,Dr.Şahin Talus,2023-04-17T08:02:36.415Z,5a72c35e-d196-48df-af4d-72dc0fd7129f,AKP,true,true,Turkey,tr,2055232158049015,Dr.Şahin Talus,Facebook
d8490df1-6193-4dca-9602-f965403b4feb,Vildan Polat,2023-02-07T15:05:00.764Z,71ba2f54-f459-4d83-bcc7-86b462df2f74,AKP,true,true,Turkey,tr,114529564873458,Vildan Polat,Facebook
db898ec9-6a6c-4c9f-992b-7a7f5aad9e54,Ak Parti Kayseri İl Başkanlığı,2023-04-24T06:55:26.348Z,0a0b7652-40f4-41fb-925d-8cc6157e2378,AKP,true,true,Turkey,tr,1444447882504938,Ak Parti Kayseri İl Başkanlığı,Facebook
e93c3cb8-36b9-439c-a0fe-ec71dfb9a11c,AK Parti Karabük İl Başkanlığı,2023-05-09T06:55:17.045Z,9ce59f1f-8d49-42b3-a184-c239c1a2d6b1,AKP,true,true,Turkey,tr,1327777207261497,AK Parti Karabük İl Başkanlığı,Facebook
ee1f6c78-865b-479a-bfef-548b2ff3e532,Hilmi Türkmen,2023-02-07T15:05:00.515Z,c7b23c1d-10de-4a4f-a566-f5d425718d42,AKP,true,true,Turkey,tr,562429187164086,Hilmi Türkmen,Facebook
f99d9233-8979-4c1d-9364-db9c09a49b43,Ömer Yazıcıoğlu,2023-02-07T15:05:00.515Z,3ba62a41-6c8e-49f9-82a2-6008095fa517,AKP,true,true,Turkey,tr,102911415086731,Ömer Yazıcıoğlu,Facebook
fc0d3172-5a3a-4d9d-acb5-6ef1243524e4,AK Parti Akhisar,2023-04-27T06:55:25.736Z,559a18a6-50c9-4d15-bd40-d57a84849628,AKP,true,true,Turkey,tr,120850074313236,AK Parti Akhisar,Facebook
00e4a3be-44b8-49cb-8b7e-4d987e7d08bf,CHP Ankara İl Başkanlığı,2023-04-23T06:54:57.244Z,ac0710b3-e0e4-4743-a2f9-98189d100626,CHP,true,true,Turkey,tr,255216477892758,CHP Ankara İl Başkanlığı,Facebook
01460c2c-c2fd-48e6-91bd-a7e29003cdb8,Arif Yılmaz - CHP 28. Dönem Amasya Milletvekili Adayı,2023-04-22T06:05:48.347Z,a350573b-c5a8-4629-870c-d6888659022d,CHP,true,true,Turkey,tr,108167978922367,Arif Yılmaz - CHP 28. Dönem Amasya Milletvekili Adayı,Facebook
050d93b9-6486-49e3-b0de-d212f017814d,enverkirazchp,2023-05-09T06:55:17.150Z,cb28c469-5a48-4416-aaa5-bd93a7f2401c,CHP,true,true,Turkey,tr,112611905135049,enverkirazchp,Facebook
0519c34e-d8f5-4cd4-83a8-0b1e4724fcdd,Nail Çiler,2023-03-28T10:55:25.814Z,52ef3f03-f9cb-4321-8d12-39816019a939,CHP,true,true,Turkey,tr,326363220894548,Nail Çiler,Facebook
05b52ba0-3d37-4656-aaec-773109daeb45,CHP Denizli Gençlik Örgütleri,2023-03-08T16:37:43.077Z,d9fbbed3-36d7-4e8b-ba85-77977a81372e,CHP,true,true,Turkey,tr,218478311538366,CHP Denizli Gençlik Örgütleri,Facebook
0a41cfd9-30cb-4d09-8eea-96fc792a6324,Ebru Sungar,2023-04-07T10:55:30.217Z,09dbde6a-834c-4c8a-9c65-e39f28799d4f,CHP,true,true,Turkey,tr,103475819373578,Ebru Sungar,Facebook
0b91dc29-7a8b-4063-9800-d96e82d86df6,CHP Kırıkkale İl Başkanlığı,2023-05-08T06:55:19.922Z,3bff81ff-b703-4a22-9a20-3c5e094a00a5,CHP,true,true,Turkey,tr,171980546770146,CHP Kırıkkale İl Başkanlığı,Facebook
0c1fb2ec-57c5-41f4-8a14-5ec5581c814b,chpbursa,2023-05-09T06:55:17.349Z,892e547e-c903-4226-946a-bc97d7553afc,CHP,true,true,Turkey,tr,105476859211272,chpbursa,Facebook
0c98b804-9c69-4c33-af60-a07ce321a1e1,CHP Tekirdağ İl Başkanlığı,2023-04-29T06:55:22.105Z,ea8e8bfd-bf4e-4387-96b8-7812c8adff31,CHP,true,true,Turkey,tr,1056206107773519,CHP Tekirdağ İl Başkanlığı,Facebook
0efcad53-1187-485e-bf5f-adbbc005defd,CHP Karabiga Belde Başkanlığı,2023-03-12T10:55:39.304Z,2bae3763-cb18-4ebd-af3a-a57598567c53,CHP,true,true,Turkey,tr,114333838233424,CHP Karabiga Belde Başkanlığı,Facebook
134d32f9-a5be-4fb3-803b-af5f3d01f57c,Oğuz ŞAHİN CHP  Adana Milletvekili A.Adayı,2023-03-31T10:55:39.802Z,176b917b-abe8-4c41-841d-3394e837c80e,CHP,true,true,Turkey,tr,100896136251312,Oğuz ŞAHİN CHP  Adana Milletvekili A.Adayı,Facebook
1b5b60eb-4454-42d8-9ee5-bcf066f27844,chpgaziantepil,2023-04-22T06:05:48.548Z,da572318-a69b-4427-905c-33882cf00c98,CHP,true,true,Turkey,tr,111330341934813,chpgaziantepil,Facebook
244feeaf-af6b-4fdb-96c9-1f58b45005ab,CHP GAZİPAŞA İLÇE BAŞKANLIĞI,2023-05-09T06:55:16.913Z,294f9bc7-2d87-417d-93bf-a84ed19dc907,CHP,true,true,Turkey,tr,101676362423168,CHP GAZİPAŞA İLÇE BAŞKANLIĞI,Facebook
271b6e1b-fe8a-4d62-8148-18375857e928,Ümit Uysal,2023-02-07T15:05:00.575Z,31831bbc-c797-4bdc-a8a8-9a98fe558a58,CHP,true,true,Turkey,tr,1439683329600228,Ümit Uysal,Facebook
281e7210-d8cd-470a-9a5a-7f2614b41eb7,CHP Parti Okulu,2023-03-08T16:37:42.959Z,ca2d7dd7-6b0a-4fb8-b237-9914db9d3f72,CHP,true,true,Turkey,tr,906394629482043,CHP Parti Okulu,Facebook
3094ccc0-3754-4799-a1d0-61433651274a,CHP Gaziantep İl Başkanlığı,2023-04-16T15:07:39.317Z,e56a80bf-fb93-4d70-8fac-99d915259de7,CHP,true,true,Turkey,tr,813910878738510,CHP Gaziantep İl Başkanlığı,Facebook
31acb7ea-fb3c-4ae0-b641-e4a7ce055421,CHP Aydın Milletvekili Aday Adayı Nilüfer Ünüvar,2023-03-24T10:55:33.231Z,7cfc61d2-42e6-42e8-ac12-45a63b43d2ef,CHP,true,true,Turkey,tr,712857802146178,CHP Aydın Milletvekili Aday Adayı Nilüfer Ünüvar,Facebook
3e9a9b17-8b02-4f52-b60b-9018b2a8d76f,Kemal Bilal ÖNER,2023-02-26T10:55:32.932Z,bbd624a9-e0a8-405d-9255-fd90465c872a,CHP,true,true,Turkey,tr,407370093070640,Kemal Bilal ÖNER,Facebook
3f16fca7-b5c5-459f-80b9-f8b2c54dc223,CHP Antalya İl Gençlik Kolları,2023-05-06T06:55:07.458Z,31a8cef6-d1f0-410a-97be-23a119fb95e0,CHP,true,true,Turkey,tr,598725973543356,CHP Antalya İl Gençlik Kolları,Facebook
4030fa8a-d458-44d3-b22d-a1c3eb3eb63e,Doç.Dr.Oğuz Kurdoğlu - CHP Artvin Milletvekili Adayı,2023-04-16T15:07:39.308Z,4524f175-59cd-4ad6-a649-2984b62c23ba,CHP,true,true,Turkey,tr,108386155559989,Doç.Dr.Oğuz Kurdoğlu - CHP Artvin Milletvekili Adayı,Facebook
42176839-bd63-4ceb-9ab2-05cb809032d6,Muammer Keskin,2023-02-07T15:05:00.515Z,9b9aea42-2f40-47a3-8111-a97fbb105b29,CHP,true,true,Turkey,tr,678793932148150,Muammer Keskin,Facebook
49bcf43f-dddf-4533-b5a7-4e711fbbb5d2,CHP İzmir İl Başkanlığı,2023-04-30T06:54:56.970Z,978af19a-aed3-4a02-8eb6-200ff3a752c2,CHP,true,true,Turkey,tr,198605366823875,CHP İzmir İl Başkanlığı,Facebook
4ac9604f-a33c-4010-8dc2-fa0c6d2cb895,CHP Sakarya İl Başkanlığı,2023-05-07T06:54:39.989Z,72512502-9f62-4189-80a9-9bb14002edaa,CHP,true,true,Turkey,tr,633911116669593,CHP Sakarya İl Başkanlığı,Facebook
4cfa8a44-0989-423e-abdd-02db905a763d,Ekrem İmamoğlu,2023-02-07T15:05:00.515Z,a1f47eb8-c59b-4f0d-a253-425b24fc1e85,CHP,true,true,Turkey,tr,144295649058307,Ekrem İmamoğlu,Facebook
4e92c58a-80a3-4737-b664-268c6d0230d5,Kemal Kılıçdaroğlu,2023-04-16T15:07:38.949Z,f8476907-14e3-4c86-9dc9-e7987a462fe0,CHP,true,true,Turkey,tr,76599755300,Kemal Kılıçdaroğlu,Facebook
5e59a15c-2a2b-487c-8852-aa7320473298,Mimar İbrahim Demir chp adana Milletvekili adayı,2023-02-07T15:05:00.699Z,55ef26df-8671-4414-915c-f8ed9523adc6,CHP,true,true,Turkey,tr,1414574845504535,Mimar İbrahim Demir chp adana Milletvekili adayı,Facebook
64db54cd-45dd-48e4-95d4-bb2805318728,CHP Antalya İl Başkanlığı,2023-04-22T06:05:48.582Z,342e7903-6ee6-4a30-a99a-c5b676361526,CHP,true,true,Turkey,tr,109777492466397,CHP Antalya İl Başkanlığı,Facebook
67749b10-acb4-4ab1-b8b6-eab1fbcbd7da,Cumhuriyet Halk Partisi Milletvekili Aday Adayı Emre Şahin Köroğlu,2023-03-20T10:55:24.876Z,45ec0287-d9ed-4362-b9ff-d891483e7a33,CHP,true,true,Turkey,tr,113917671638332,Cumhuriyet Halk Partisi Milletvekili Aday Adayı Emre Şahin Köroğlu,Facebook
7342bcae-ea53-4a67-a91c-1dad09f7dcc6,CHP Adana İl Gençlik Kolları,2023-05-09T06:55:17.056Z,ef1397bd-0dda-4a0a-a645-660bd5408c2c,CHP,true,true,Turkey,tr,380480832009946,CHP Adana İl Gençlik Kolları,Facebook
754dcb1e-9ce9-447b-aae4-22ea9ec95ae3,Cumhuriyet Halk Partisi-Gelibolu,2023-04-20T06:55:17.287Z,cc043dc9-f2f4-4055-9086-af5082e4be10,CHP,true,true,Turkey,tr,542574095834162,Cumhuriyet Halk Partisi-Gelibolu,Facebook
787a85f7-44e6-4196-87e5-6db5de8e66a6,CHP Hanönü İlçe Başkanlığı,2023-03-08T15:36:48.498Z,25d7cfd6-93f6-4520-b3cd-1e1266a6103b,CHP,true,true,Turkey,tr,669108223100122,CHP Hanönü İlçe Başkanlığı,Facebook
7bf91772-ae1c-4661-b2fd-87984bc8f4c6,Eylem Ertuğrul - CHP 28. Dönem Zonguldak Milletvekili Adayı,2023-05-09T06:55:17.179Z,e87e0f79-3563-4b68-a425-1cf0cba4a9dc,CHP,true,true,Turkey,tr,105451659196872,Eylem Ertuğrul - CHP 28. Dönem Zonguldak Milletvekili Adayı,Facebook
7c969267-8970-4693-8f49-61409b2711a2,hulyagumuschp,2023-04-28T06:55:10.430Z,1dd91d24-3960-4f7c-8ff0-99db87650487,CHP,true,true,Turkey,tr,105258305831088,hulyagumuschp,Facebook
953cb8ec-dee0-45c3-8403-3219f2144c0f,Ahmet Akın,2023-02-07T15:05:00.900Z,bd64d407-dcbb-4770-8851-2df1112ef748,CHP,true,true,Turkey,tr,1407759386141852,Ahmet Akın,Facebook
9680dca3-2a29-4cb0-bcd8-96837014661e,CHP Selçuk,2023-03-08T18:02:17.497Z,a6ca81d6-28d7-4d43-852f-6a06bff32311,CHP,true,true,Turkey,tr,537935896279325,CHP Selçuk,Facebook
994ef67b-3fec-4140-b203-c85bd1335a54,Hasan Ercüment Taşdemir CHP Antalya Milletvekili Adayı,2023-04-20T06:55:17.129Z,930e2a15-d05f-42c8-93ef-5a467f9dea71,CHP,true,true,Turkey,tr,107056595666112,Hasan Ercüment Taşdemir CHP Antalya Milletvekili Adayı,Facebook
a8b38567-bb44-4e16-b690-f54cd38a1c26,CHP Yurt Dışı Örgütlenme,2023-03-29T10:55:32.044Z,ade39667-85bc-4525-9aa1-256ac63bceb5,CHP,true,true,Turkey,tr,1211749922209927,CHP Yurt Dışı Örgütlenme,Facebook
a922dfc9-23c2-466e-a83c-da8396b53e22,CHP Derince İlçe Başkanlığı,2023-03-08T19:16:52.429Z,86b7f3ec-3f64-4635-8e53-6158edfa7ad7,CHP,true,true,Turkey,tr,640462696124963,CHP Derince İlçe Başkanlığı,Facebook
a9ee955f-4d2c-42d6-977f-f9f8cd81e36c,CHP Samsun Milletvekili Adayı MURAT ÇAN,2023-05-11T06:55:34.245Z,1f3017cc-4f02-4d17-815c-20ba34d83da1,CHP,true,true,Turkey,tr,183187802337696,CHP Samsun Milletvekili Adayı MURAT ÇAN,Facebook
aecb956d-ba0f-4945-b4e3-e9c839bed469,CHP Bayraklı İlçe Örgütü,2023-04-19T06:55:22.578Z,491771db-dfb9-4883-b055-cb331c85570a,CHP,true,true,Turkey,tr,1598524763796358,CHP Bayraklı İlçe Örgütü,Facebook
be4edc96-a6b7-4af0-961d-a52a9cfb6037,Dr. Osman Berke Duvan CHP Adana Milletvekili Adayı,2023-05-10T06:55:56.108Z,413b34e2-5289-4a8e-8fa1-08dd7d3b2401,CHP,true,true,Turkey,tr,589313961445602,Dr. Osman Berke Duvan CHP Adana Milletvekili Adayı,Facebook
c23db13d-7a24-4481-9392-a264917169b2,CHP Gönen İlçe Başkanlığı,2023-02-07T15:05:01.081Z,5332b9c8-75bf-498d-9776-917ec09ab33d,CHP,true,true,Turkey,tr,109956634614491,CHP Gönen İlçe Başkanlığı,Facebook
c9adc416-ca1c-4ebe-b60e-3a8fc413bb40,CHP Muğla İl Başkanlığı,2023-05-07T06:54:39.704Z,1bae8ff7-931b-43f5-b160-7fb76b6af6d2,CHP,true,true,Turkey,tr,418278521564377,CHP Muğla İl Başkanlığı,Facebook
cd915591-1f7f-4095-b5e0-05d7276dbe25,CHP Süleymanpaşa İlçe Başkanlığı,2023-03-31T10:55:39.820Z,bb2a9a2e-b6f3-45af-af0e-4b12d8992054,CHP,true,true,Turkey,tr,887254944697864,CHP Süleymanpaşa İlçe Başkanlığı,Facebook
cebe271b-df88-4d91-9d99-7bf0e3d9237b,Emre Yılmaz,2023-04-23T06:54:57.601Z,e83eae9f-0273-4385-9a0a-196b52bbfc09,CHP,true,true,Turkey,tr,1652655528320877,Emre Yılmaz,Facebook
d425fc91-f1ba-4096-99d6-9bfbc8e46e5a,CHP Kilis İl Başkanlığı,2023-04-23T06:54:57.537Z,244ffe21-207b-4351-a013-3e6211cb7f87,CHP,true,true,Turkey,tr,102441516113904,CHP Kilis İl Başkanlığı,Facebook
d589399c-d82b-4477-826f-c14d750899fc,umutakdoganchp,2023-04-20T06:55:17.299Z,b516227a-76f3-4404-b568-122b09ff9fcd,CHP,true,true,Turkey,tr,108095774421826,umutakdoganchp,Facebook
ddadf57d-59b0-4d5d-9b76-b36042ac30de,chpgencardesen,2023-05-10T06:55:56.815Z,c8a3af13-fbd8-41a4-a824-7d4ecc2b575a,CHP,true,true,Turkey,tr,100594708614623,chpgencardesen,Facebook
dede7e90-7f28-4da4-b4f5-cc687e868c13,Nuri Cengiz,2023-02-27T10:55:26.989Z,e74c8f49-4b91-456b-9cfd-e89bb19d24c3,CHP,true,true,Turkey,tr,100345912204104,Nuri Cengiz,Facebook
e880a72a-ccde-42b9-9963-b9b08c6a0cde,Ahmet Kaya,2023-04-16T15:07:39.270Z,61e120b8-302d-4381-b269-159e3f1e81f4,CHP,true,true,Turkey,tr,627524004251909,Ahmet Kaya,Facebook
f48ef61a-6959-4f6c-95ef-0d4ffa97b1af,CHP Konyaaltı Gençlik Kolları,2023-02-07T15:05:01.264Z,dbeef695-6538-407a-9d62-ba138caf791f,CHP,true,true,Turkey,tr,1109174959100325,CHP Konyaaltı Gençlik Kolları,Facebook
f5cb0a1b-0120-4162-9673-a1910dd905d7,nedenchp,2023-04-24T06:55:26.647Z,529de0bb-fb4c-4e73-9950-41b4754fac7c,CHP,true,true,Turkey,tr,112714165130138,nedenchp,Facebook
00884dac-aff3-4151-a9f8-ac3e31ab1ecd,İsmail Özdemir,2023-05-10T06:55:56.401Z,6b654376-fddb-42cc-a688-67a236b810c2,MHP,true,true,Turkey,tr,321011291264753,İsmail Özdemir,Facebook
0e52ee93-2f17-4be9-850a-1b4a42b66ed2,Yudum Kaşıkçı,2023-04-21T06:55:37.951Z,3cb62b6f-8d2a-4842-a020-042dd260f29e,MHP,true,true,Turkey,tr,106257739113036,Yudum Kaşıkçı,Facebook
173c1b3a-59e5-424f-8dbe-58ac0333219c,MHP Konya İl Başkanlığı,2023-04-25T06:55:12.886Z,d6d764a0-88ce-4829-9c85-052a03c66a42,MHP,true,true,Turkey,tr,145649212266624,MHP Konya İl Başkanlığı,Facebook
21e40ae6-77e8-40e0-9240-846197de793d,MHP Mardin İl Başkanlığı,2023-02-13T10:55:29.040Z,38dc13be-5401-484e-8a47-5433f41dac14,MHP,true,true,Turkey,tr,103724928387169,MHP Mardin İl Başkanlığı,Facebook
2bebfd03-1cd2-447c-8181-5f8d416cf82c,MHP AKIN ÇAKIR,2023-03-24T10:55:33.379Z,0b83f899-50db-4354-86e2-580a9c62799e,MHP,true,true,Turkey,tr,117645754589647,MHP AKIN ÇAKIR,Facebook
3ce24516-4883-4551-917b-c958ecff73a3,Saffet Sancaklı,2023-04-24T06:55:26.253Z,62c7de53-bf1d-4161-9493-640074da102b,MHP,true,true,Turkey,tr,209175722605698,Saffet Sancaklı,Facebook
4aae1d04-7c62-4ca0-b37b-092c918b8227,Sıtkı Keçeci MHP 28Dönem Çanakkale 1Sıra Mv.Adayı,2023-04-28T06:55:10.430Z,4fea33c5-63af-4285-8591-70d5ac1237d5,MHP,true,true,Turkey,tr,103342869403542,Sıtkı Keçeci MHP 28Dönem Çanakkale 1Sıra Mv.Adayı,Facebook
4ca5608f-99c5-426c-b58c-39e713940997,nedenmhp,2023-03-08T20:20:51.622Z,762fb3d6-afaf-4623-8872-c7ee76c5a92e,MHP,true,true,Turkey,tr,114411751526194,nedenmhp,Facebook
50d471f7-3239-478d-bd30-f0f2d5cffe29,Erkan Haberal,2023-04-17T08:02:36.506Z,282e0c35-bb15-4fc9-8deb-2887d48e3779,MHP,true,true,Turkey,tr,772187612859346,Erkan Haberal,Facebook
60b8ca82-a3fc-49ee-9b8b-7fb08ab8e69e,MHP Rize İl Başkanlığı,2023-04-16T15:07:39.108Z,fc11cc82-9beb-456a-a58c-e4f3029c051d,MHP,true,true,Turkey,tr,2312287989041656,MHP Rize İl Başkanlığı,Facebook
626462d6-6183-4d3c-a7c4-a5e6ea53b43f,Milliyetçi Hareket Partisi Kdz.Ereğli İlçe Başkanlığı,2023-04-24T06:55:26.518Z,97c46be8-2cca-4c3f-b041-9704ae87b050,MHP,true,true,Turkey,tr,176058332481074,Milliyetçi Hareket Partisi Kdz.Ereğli İlçe Başkanlığı,Facebook
7585f261-e1fb-4431-82bd-6fb626efeb65,İbrahim BAĞ - MHP Bilecik Milletvekili Adayı,2023-04-25T06:55:12.736Z,fb60f914-8339-4ffb-9421-cb3451c29edd,MHP,true,true,Turkey,tr,117364971317866,İbrahim BAĞ - MHP Bilecik Milletvekili Adayı,Facebook
75c67836-c995-4845-bcd9-015064428082,Milliyetçi Hareket Partisi (MHP),2023-02-07T15:05:00.515Z,51b9a9a1-3a27-4495-998d-3a0caec5575c,MHP,true,true,Turkey,tr,158829607558395,Milliyetçi Hareket Partisi (MHP),Facebook
8137406b-e34e-4ac2-b034-e2a614aefb99,Turgay Baştuğ,2023-04-29T06:55:21.755Z,841171fc-9c4f-4949-b3db-9e8f0a10a370,MHP,true,true,Turkey,tr,500796300357232,Turgay Baştuğ,Facebook
84bcc461-d7c6-4913-9ebd-fe9e4f613147,MHP Ankara İl Başkanlığı,2023-04-29T06:55:21.660Z,892880f0-ea19-4b23-b61f-45a4d9048b4c,MHP,true,true,Turkey,tr,1507047782923237,MHP Ankara İl Başkanlığı,Facebook
882a6a95-0194-43a5-bfee-655ea4019c94,Dilovası MHP İlçe Teşkilatı,2023-04-26T06:55:33.942Z,438e8870-0dde-43ef-b941-ba7a44116b04,MHP,true,true,Turkey,tr,101101799639066,Dilovası MHP İlçe Teşkilatı,Facebook
8b2852e9-744a-451a-96be-38fd10583b6e,AK Parti/MHP/BBP Cumhur İttifakı,2023-02-07T15:05:01.182Z,34e0f9d0-3ff2-4080-a6b2-a19b2a0724bd,MHP,true,true,Turkey,tr,113229965003082,AK Parti/MHP/BBP Cumhur İttifakı,Facebook
8b38bc1a-b8d5-4f0d-bd50-8e37c517ceb0,MHP Kayseri Milletvekili Baki Ersoy,2023-03-24T10:55:33.291Z,4df29b32-c66e-4a41-8810-ba68ea8d2296,MHP,true,true,Turkey,tr,1414815935509791,MHP Kayseri Milletvekili Baki Ersoy,Facebook
9c991b21-dbaf-46c2-bcad-b3dd021a29b8,Hasan Özmen MHP Diyarbakır Milletvekili Adayı,2023-05-12T06:55:00.525Z,49ed0077-c83b-4dc0-985f-f3ac1ed0ebcf,MHP,true,true,Turkey,tr,100789013007542,Hasan Özmen MHP Diyarbakır Milletvekili Adayı,Facebook
9eed0ca6-54ff-4864-9712-04c55dbd65df,mhp_sultangazi,2023-05-09T06:55:17.250Z,0b6b1e6b-87e2-4824-9b48-73bc001b4450,MHP,true,true,Turkey,tr,108100145613401,mhp_sultangazi,Facebook
9f278a35-e222-445b-b014-e4eb89fed8a0,aysegul_eksi_mhp,2023-05-09T06:55:17.116Z,7f48fca5-4648-4c2c-89f9-eb4e5805db27,MHP,true,true,Turkey,tr,114691481526728,aysegul_eksi_mhp,Facebook
a2ecdbdc-6ae6-4974-bc36-a9f2bd6e6352,Koray ÖNSEL,2023-02-07T15:05:00.575Z,27bae5d7-b96a-462e-ada9-18cf9993092c,MHP,true,true,Turkey,tr,212145345624732,Koray ÖNSEL,Facebook
a37cddbf-fba0-4dfd-8200-96b7c1b2abf2,Seçkin Odabaşı,2023-04-14T08:50:41.445Z,1929aad3-4764-47d9-bc5d-df00018090ad,MHP,true,true,Turkey,tr,115455134844517,Seçkin Odabaşı,Facebook
a5627b02-0a1b-4219-9d09-946cb828dadd,MHP ÇORLU,2023-02-08T05:55:46.471Z,1ec03107-4590-44e8-a431-a7f036396f25,MHP,true,true,Turkey,tr,592741447476060,MHP ÇORLU,Facebook
a61654d9-2f87-436b-92bf-56ec4e356cf8,MHP Sivas Milletvekili Adayı Av.İlker İPEK,2023-05-07T06:54:40.255Z,84df217d-ea23-4466-bf6d-86ef3d92ce3a,MHP,true,true,Turkey,tr,1662374250547741,MHP Sivas Milletvekili Adayı Av.İlker İPEK,Facebook
a6827d7f-6f91-4d62-a25b-8e523847e52b,MHP Kırıkkale İl Başkanlığı,2023-02-10T10:55:28.190Z,7327f19a-a7b3-47a0-a9ae-cfe51fcf457c,MHP,true,true,Turkey,tr,107654027508783,MHP Kırıkkale İl Başkanlığı,Facebook
acf4f5db-35c0-40b8-9065-d22625354289,MHP Bolu İl Başkanlığı,2023-03-08T18:55:22.313Z,1aa1ed22-1c8e-43cd-9662-29e3210f41c1,MHP,true,true,Turkey,tr,170373646318731,MHP Bolu İl Başkanlığı,Facebook
bb61917a-ba7f-46d6-a030-06d4558b2373,harunmhp,2023-05-01T06:55:11.195Z,a9a9f545-5d42-457e-885b-ce795c1b75b3,MHP,true,true,Turkey,tr,103296549385530,harunmhp,Facebook
bbcf5dbd-0df6-4dad-99c7-07f571b9ece1,gokhanturkesmhp,2023-03-08T18:12:47.021Z,d5590c29-5b0e-4f13-986d-75d8858519ce,MHP,true,true,Turkey,tr,105972055717863,gokhanturkesmhp,Facebook
c25aaff4-a951-4d34-a2f8-117ce3ac71d8,MHP Edremit İlçe Başkanlığı,2023-05-07T06:54:40.226Z,2b6c4028-9393-4b76-add0-5d29daaf5535,MHP,true,true,Turkey,tr,1418853658209381,MHP Edremit İlçe Başkanlığı,Facebook
c3cba4ca-777f-4c96-91db-c2f856ba0f27,MHP Başiskele İlçe Başkanlığı,2023-05-09T06:55:17.064Z,a93ba2b7-eb7e-4494-8b1f-25bcb7145422,MHP,true,true,Turkey,tr,459936724120083,MHP Başiskele İlçe Başkanlığı,Facebook
d3eb1a91-bba4-47c9-bec8-7c133e9737f3,Levent Uysal,2023-03-30T10:55:18.517Z,20756441-e2e3-4c42-998b-efb827d78099,MHP,true,true,Turkey,tr,462963834529864,Levent Uysal,Facebook
e7698811-84ea-423f-b5f8-f08475fadecd,Bahadır Bumin Özarslan,2023-04-17T08:02:36.841Z,95356c27-da82-4e58-b0ab-436a07c69d1d,MHP,true,true,Turkey,tr,115213624871864,Bahadır Bumin Özarslan,Facebook
ef8c78ca-d93d-4dd1-87b1-24904b60953a,MHP Şanlıurfa İl Başkanlığı,2023-05-01T06:55:10.935Z,7e3f6f75-aafa-4238-b1bb-5c778d62b5b6,MHP,true,true,Turkey,tr,307374072686750,MHP Şanlıurfa İl Başkanlığı,Facebook
f12e76b3-4f23-4cb4-b1d2-c6155a38377d,MHP Ayvalık İlçe Başkanlığı,2023-05-09T06:55:17.072Z,df28793f-1968-4009-9ba5-8ed09ddc2fc5,MHP,true,true,Turkey,tr,824394184346209,MHP Ayvalık İlçe Başkanlığı,Facebook
f184eee9-d5cd-4ea8-8ddf-8e57e3c3d74c,Ramazan Kaşlı  MHP Aksaray Milletvekili,2023-04-16T15:07:38.999Z,6721394a-8e81-45b2-8bc4-671c6b940e0e,MHP,true,true,Turkey,tr,1998130653848755,Ramazan Kaşlı  MHP Aksaray Milletvekili,Facebook
f67ea438-e146-4a50-b773-f49b985c008c,MHP Aydın İl Başkanlığı,2023-05-06T06:55:07.316Z,3ffdafcd-60a5-4032-8b73-1d4e761d39a0,MHP,true,true,Turkey,tr,701383649899309,MHP Aydın İl Başkanlığı,Facebook
f737f1b3-baa2-4a91-8278-61e30a156b1e,Önder Kahveci - MHP Ankara 1. Bölge Milletvekili Adayı,2023-05-09T06:55:17.138Z,a097048f-d749-40bf-83de-8056891a20af,MHP,true,true,Turkey,tr,117386891345168,Önder Kahveci - MHP Ankara 1. Bölge Milletvekili Adayı,Facebook
1c913c1d-cac2-4e33-9727-5dee44171eae,,2023-03-28T10:55:25.505Z,508dafe6-e9bb-4d69-831b-ee35353e6f04,İYİ,true,true,Turkey,tr,107621395263001,,Facebook
4f58b4e8-bd7c-4713-aad2-7278fd7f1cda,Uğurhan Tiryaki,2023-04-16T15:07:38.971Z,06186db9-c3e8-4a7e-972e-27cd13688779,İYİ,true,true,Turkey,tr,528071707564813,Uğurhan Tiryaki,Facebook
8324d616-f85d-48e2-a6cc-e704aacb29eb,Nebi Hatipoğlu,2023-04-19T06:55:22.598Z,dea077a0-a866-4ec3-a92e-0fcb48318e2e,İYİ,true,true,Turkey,tr,118519987873082,Nebi Hatipoğlu,Facebook
960aa8f7-f45e-4872-b830-de3d434f3d60,Ahmet Katar,2023-03-24T10:55:33.159Z,4c33ceef-91b9-46c1-83fd-e8bbf20c5c87,İYİ,true,true,Turkey,tr,804210899660885,Ahmet Katar,Facebook
a52519ee-f747-4ff4-a968-c95bca15f295,Bahadır Erdem,2023-03-21T10:55:17.192Z,eac56aec-39ba-471e-b3ec-237a4398b82e,İYİ,true,true,Turkey,tr,108107585034488,Bahadır Erdem,Facebook
b1bdbcb7-cbee-40d6-8932-7e41ee124e2b,Ayşen Kurt,2023-02-14T10:55:25.844Z,19cdd361-25fa-4b70-b21f-42d871cc8249,İYİ,true,true,Turkey,tr,851556338241562,Ayşen Kurt,Facebook
d4501e3c-d196-438c-b491-4a26487c565f,Lutfullah Kayalar,2023-04-22T06:05:48.242Z,23d3d365-70d9-4468-b115-3427696eb50b,İYİ,true,true,Turkey,tr,378633122196492,Lutfullah Kayalar,Facebook
19b3dba3-9352-4bfd-a33b-71a36d77d291,Yakup Türkal,2023-02-07T15:05:00.516Z,51c719ac-45de-471a-ad82-04b64445ee43,Bağ,true,true,Turkey,tr,107826985478243,Yakup Türkal,Facebook
2589cc27-e698-4f64-a061-0236bc4287ad,Levent Yenilmez - Şanlıurfa Bağımsız Milletvekili Adayı,2023-04-04T10:55:40.830Z,4af58f7a-de71-4ad2-acb4-f1bc2f83e241,Bağ,true,true,Turkey,tr,105372312520215,Levent Yenilmez - Şanlıurfa Bağımsız Milletvekili Adayı,Facebook
e9c85276-915b-4141-b382-bbb896861109,Mehmet Ersoy,2023-05-01T06:55:10.366Z,dd075e6d-5dc3-4e67-9ef9-fe7c0da4971e,Bağ,true,true,Turkey,tr,417251848779475,Mehmet Ersoy,Facebook
031d6df4-d7ca-4e3b-ac30-cd31245fbc83,Yeniden Refah Partisi Zeytinburnu İlçe Başkanlığı,2023-03-08T14:57:54.556Z,33c646a5-d9d3-433e-bf02-d1a4f0fcde61,Diğ,true,true,Turkey,tr,2073808486265451,Yeniden Refah Partisi Zeytinburnu İlçe Başkanlığı,Facebook
1158f266-c3b4-42cb-a4f4-4a36040aea77,Yeniden Refah Partisi Antalya Kepez İlçe Başkanlığı,2023-05-05T06:54:50.821Z,3f5825f9-552e-40e5-b5bf-640163b522a3,Diğ,true,true,Turkey,tr,107414191481828,Yeniden Refah Partisi Antalya Kepez İlçe Başkanlığı,Facebook
116bc5ab-ccb0-4def-be18-d8dc607c18b6,Yeniden Refah Partisi,2023-03-27T10:55:36.197Z,17b5cc0b-a766-4e52-89d8-41a490803daf,Diğ,true,true,Turkey,tr,105724511499805,Yeniden Refah Partisi,Facebook
1e1c9fa7-bdb7-473c-88aa-316234016eb4,Ali Babacan,2023-02-28T10:55:34.816Z,8892694f-3412-44ea-a3d8-eba6581d2aae,Diğ,true,true,Turkey,tr,100910024639566,Ali Babacan,Facebook
2825deca-9244-4990-833e-8fb5d07faf8f,DEVA Partisi Zeytinburnu İlçe Başkanlığı,2023-05-04T06:54:52.448Z,907fe3fa-034e-4af9-8558-dfec04b81fb8,Diğ,true,true,Turkey,tr,109652778334580,DEVA Partisi Zeytinburnu İlçe Başkanlığı,Facebook
33f85dad-2a6b-490b-a0e9-25c0603ca683,Yeniden Refah Partisi Niğde,2023-04-29T06:55:22.649Z,fe0238a0-772b-45dc-ab74-91904399ff72,Diğ,true,true,Turkey,tr,100555176139996,Yeniden Refah Partisi Niğde,Facebook
389c7ca3-d93e-469c-bb7e-d797b6189457,Yeniden Refah Partisi Artvin,2023-05-05T06:54:50.779Z,ad681122-67e2-4a33-9d69-d8b570a38f62,Diğ,true,true,Turkey,tr,612342159242377,Yeniden Refah Partisi Artvin,Facebook
49db5539-d264-4866-9fea-f7c3b908a0f4,Fethi Yaşar,2023-04-12T10:55:06.939Z,924515e3-31d9-4786-b08a-a09e81d2df9d,Diğ,true,true,Turkey,tr,621229804571861,Fethi Yaşar,Facebook
4c579282-8df3-406f-b639-3cff14d579af,Yeniden Refah Partisi Kuşadası İlçe Başkanlığı,2023-05-08T06:55:19.665Z,56c6194e-663a-42bb-a9b7-a584f31762ac,Diğ,true,true,Turkey,tr,122325470840610,Yeniden Refah Partisi Kuşadası İlçe Başkanlığı,Facebook
4fa61fd3-3458-4b32-801a-19bbb5ac3912,Deva Partisi Alanya,2023-04-02T10:55:31.933Z,a710d347-5eaa-40d2-83f9-c64a6e5222f0,Diğ,true,true,Turkey,tr,110776067430140,Deva Partisi Alanya,Facebook
4ff7300d-0185-44d9-9706-98f6e73825f2,Yeniden Refah Partisi Beykoz İlçe Başkanlığı,2023-03-25T10:55:13.324Z,72c74aed-ca03-42b5-bdce-cef931768e10,Diğ,true,true,Turkey,tr,245229619700364,Yeniden Refah Partisi Beykoz İlçe Başkanlığı,Facebook
5ad334cd-c946-4390-bc62-be796182edfd,Deva Partisi Trabzon İl Başkanlığı,2023-02-07T15:05:00.699Z,d578364c-10dc-4139-977f-3b10afd45ec1,Diğ,true,true,Turkey,tr,104267921764717,Deva Partisi Trabzon İl Başkanlığı,Facebook
5c6018da-2800-4fc1-9740-ef9daec53469,Yeniden Refah Partisi Nilüfer İlçe Başkanlığı,2023-03-25T10:55:13.325Z,d59442db-3ce8-4800-96ff-e681ce944f4a,Diğ,true,true,Turkey,tr,345550196225900,Yeniden Refah Partisi Nilüfer İlçe Başkanlığı,Facebook
5dea0b1c-a65f-4600-9e47-2ce40f61ea41,Kıvanç Çetinkaya - Deva Partisi,2023-04-12T10:55:06.921Z,180fa4f2-92d1-4dc0-8ce8-ed3607c99ddb,Diğ,true,true,Turkey,tr,106881235709437,Kıvanç Çetinkaya - Deva Partisi,Facebook
6d8bcb1d-8e88-4434-8314-8184e3552289,Yeniden Refah Partisi Sancaktepe İlçe Başkanlığı,2023-05-12T06:55:00.572Z,c76c5c81-da26-4b6e-ba29-619261b4a213,Diğ,true,true,Turkey,tr,731024750629682,Yeniden Refah Partisi Sancaktepe İlçe Başkanlığı,Facebook
7a7a875f-6dcf-40e7-beec-d11531c88603,Deva Partisi,2023-02-19T10:55:37.550Z,de2561e8-338a-4fbb-8213-968f8a4f160c,Diğ,true,true,Turkey,tr,102095934751904,Deva Partisi,Facebook
81693058-6738-42ae-b1cb-853fef14efbd,DEVA Partisi Kayseri,2023-04-30T06:54:57.312Z,95e884e4-cef3-4533-a5d5-4c73b285f317,Diğ,true,true,Turkey,tr,100481571962111,DEVA Partisi Kayseri,Facebook
84572231-1f33-4c2b-a11e-39d1c9e342a5,Yeniden Refah Partisi Ümraniye İlçe Başkanlığı,2023-03-28T10:55:25.735Z,954c2c45-8bc2-4f41-8b60-30fbbaee498b,Diğ,true,true,Turkey,tr,717208405311992,Yeniden Refah Partisi Ümraniye İlçe Başkanlığı,Facebook
8a051a1f-4555-4b20-9715-820145a3dcc9,DEVA Partisi Sivas İl Teşkilatı,2023-05-03T06:54:52.327Z,c7f124d9-ee81-42cb-9f78-2fef450701e7,Diğ,true,true,Turkey,tr,113823067080077,DEVA Partisi Sivas İl Teşkilatı,Facebook
8f75068a-9511-44c0-90e7-8ea572e81515,Yeniden Refah Partisi Simav,2023-03-08T15:07:38.258Z,a4515f81-94c9-4614-b207-59be7dbc8947,Diğ,true,true,Turkey,tr,109514177857013,Yeniden Refah Partisi Simav,Facebook
967a2a18-da59-460e-9a2f-4e7742048e4c,Deva Partisi Çerkezköy İlçe Başkanlığı,2023-02-09T06:29:51.760Z,868763cd-8c24-4f11-be44-3671447ec330,Diğ,true,true,Turkey,tr,116039826895690,Deva Partisi Çerkezköy İlçe Başkanlığı,Facebook
9b67580b-2486-4b49-8427-f9cb6e93d5f0,Yeniden Refah Partisi Şanlıurfa İl Başkanlığı,2023-03-27T10:55:36.626Z,19d967fc-4aa8-4fa0-adc8-aef366e5a987,Diğ,true,true,Turkey,tr,108074748542713,Yeniden Refah Partisi Şanlıurfa İl Başkanlığı,Facebook
a147dcc4-a9f7-430f-8338-e00118237b50,Yeniden Refah Partisi Başakşehir ilçe Başkanlığı,2023-03-27T10:55:36.708Z,7f56ec38-582a-49d2-a839-7f841dc704df,Diğ,true,true,Turkey,tr,357501401734611,Yeniden Refah Partisi Başakşehir ilçe Başkanlığı,Facebook
a8cf519c-f2a4-4642-9ed5-c92b5a789347,Deva Partisi Pendik İlçe Başkanlığı,2023-03-30T10:55:19.048Z,0b2cac8a-ed6d-4d9e-8bee-e39ca72e06fd,Diğ,true,true,Turkey,tr,102655859011942,Deva Partisi Pendik İlçe Başkanlığı,Facebook
ae9eeead-c215-4e6f-a370-0c23ad74c9a4,Yeniden Refah Partisi Kağıthane İlçe Başkanlığı,2023-05-03T06:54:53.026Z,49efd063-17f0-4a9b-8243-fb7201429c3c,Diğ,true,true,Turkey,tr,2235691533365373,Yeniden Refah Partisi Kağıthane İlçe Başkanlığı,Facebook
b5be6e0e-80b4-41dc-af2d-e94f59e6406d,Yeniden Refah Partisi Esenyurt İlçe Başkanlığı,2023-03-26T10:55:17.920Z,095b30e1-e3e8-4d90-9ee5-15de2545ce86,Diğ,true,true,Turkey,tr,2026878447367426,Yeniden Refah Partisi Esenyurt İlçe Başkanlığı,Facebook
be1d83a8-126d-4ba3-8661-81d7a75233a8,Cengiz ZOR - Yeniden Refah Partisi,2023-04-24T06:55:26.562Z,a5bfaff2-ab72-4251-9d2f-09cd5b035404,Diğ,true,true,Turkey,tr,100439749704061,Cengiz ZOR - Yeniden Refah Partisi,Facebook
c5a0aaf4-0696-43f6-b17a-f1e8a515811a,Yeniden REFAH Partisi Bartın İl Başkanlığı,2023-04-20T06:55:17.211Z,09a9239d-5333-45f2-817b-9ccbe530a9a1,Diğ,true,true,Turkey,tr,116212964696201,Yeniden REFAH Partisi Bartın İl Başkanlığı,Facebook
cdf476ee-e0cb-41f9-9474-af9d090c72a1,Rıdvan Eşin,2023-04-24T06:55:26.165Z,972da008-cf70-4484-89c6-7b8990f8ed83,Diğ,true,true,Turkey,tr,1807684336017268,Rıdvan Eşin,Facebook
d67218df-daf9-421c-99e1-e215c4862174,Şükrü Yılmaz,2023-04-30T06:54:57.134Z,bd16d92b-1baf-4f85-9239-8cccb1c69f77,Diğ,true,true,Turkey,tr,109730208764506,Şükrü Yılmaz,Facebook
dbc039d3-cbfe-449a-8f0b-d523831a795b,Yeniden Refah Partisi Serik İlçe Başkanlığı,2023-03-08T17:40:32.076Z,fed79ab3-7e8d-4c9f-8b5d-7c845905c057,Diğ,true,true,Turkey,tr,107204388933488,Yeniden Refah Partisi Serik İlçe Başkanlığı,Facebook
dc1e74bb-a8ac-4f8c-aa14-803b7be16dc5,Yeniden Refah Partisi İzmir İl Başkanlığı,2023-03-27T10:55:36.251Z,eaff2ad2-24ec-469e-a0ee-22e5abdde749,Diğ,true,true,Turkey,tr,527189977785529,Yeniden Refah Partisi İzmir İl Başkanlığı,Facebook
e0eeb8cc-0225-4cfc-83f3-242d2f8ada29,Osman Seçgin,2023-04-14T08:50:41.528Z,2fff4018-71d0-4c8c-af02-d5590cfbf2ac,Diğ,true,true,Turkey,tr,122089247452746,Osman Seçgin,Facebook
f37171b6-4118-4592-b5d8-eb075039a064,Yeniden Refah Partisi Çekmeköy İlçe Başkanlığı,2023-04-02T10:55:31.830Z,368e8926-2a0a-4b09-9d2a-879ffc637545,Diğ,true,true,Turkey,tr,246451168813753,Yeniden Refah Partisi Çekmeköy İlçe Başkanlığı,Facebook
f5487870-0b07-44ce-ba62-80fba429d87a,Yeniden Refah Partisi Karabük,2023-04-30T06:54:57.308Z,63c0fb5c-ea17-4eb4-98d5-7f833669ebf4,Diğ,true,true,Turkey,tr,107342085674724,Yeniden Refah Partisi Karabük,Facebook
fd1fbeed-e2a8-4cd3-b967-3e95fe544e15,Aydın için Rıdvan Eşin,2023-04-24T06:55:26.648Z,acfbcc28-c22c-49c7-ba2e-dac21cb0cc9b,Diğ,true,true,Turkey,tr,118872897843903,Aydın için Rıdvan Eşin,Facebook
27f3c23a-55c1-45c8-8742-02ac911147ca,Sinan Oğan,2023-03-21T10:55:17.057Z,88a6915d-ff45-445d-a7e4-ef816cb761a1,ATA,true,true,Turkey,tr,294889615437,Sinan Oğan,Facebook
13bbb61c-7701-4aaa-84b1-cc1e1f49ab54,Memleket Partisi,2023-04-28T06:55:09.877Z,716e34bd-c913-40b6-a692-8e7c2f86ddd5,Mem,true,true,Turkey,tr,105051945092974,Memleket Partisi,Facebook
192ec8d0-f758-4034-86aa-a035a68c8218,Memleket Partisi Urla İlçe Başkanlığı,2023-02-08T05:55:46.526Z,ec08b5ad-8edc-41ce-a7d0-7630e122d3f3,Mem,true,true,Turkey,tr,713960589386960,Memleket Partisi Urla İlçe Başkanlığı,Facebook
4db8db32-1a2b-4ef8-940f-c1e3978edb5c,Memleket Partisi Gaziantep,2023-05-05T06:54:50.811Z,34173c85-32a7-4ef3-9c97-fc9730a0b5d0,Mem,true,true,Turkey,tr,100581758956796,Memleket Partisi Gaziantep,Facebook
60806c19-2b6b-4386-bd85-9239ef6870fe,Memleket Partisi Sakarya İl Başkanlığı,2023-05-01T06:55:10.594Z,b336ceb4-c7ce-45fb-a45f-15081d373f1c,Mem,true,true,Turkey,tr,108482941304528,Memleket Partisi Sakarya İl Başkanlığı,Facebook
6360a0cb-3ba4-424c-9127-99751975c549,Memleket Partisi Nilüfer İlçe Başkanlığı,2023-05-01T06:55:10.800Z,3b781ca6-d4d1-4253-900a-2d6d5f88bc40,Mem,true,true,Turkey,tr,104628415396395,Memleket Partisi Nilüfer İlçe Başkanlığı,Facebook
7f8b2292-f9b9-4110-a272-77a8868263f8,Muharrem İNCE,2023-05-02T06:55:25.318Z,e00e4ac5-3820-4b04-8957-199022dc94be,Mem,true,true,Turkey,tr,274475286702,Muharrem İNCE,Facebook
8329e737-bdb3-4cb2-a84d-92e149a6b04b,Yeşil Sol Parti Hatay,2023-05-09T06:55:17.419Z,5ff495d6-975a-44b7-8a75-1120e48caaf8,YSP,true,true,Turkey,tr,104060289339453,Yeşil Sol Parti Hatay,Facebook
9bb36eab-37cb-45b6-9126-215b4a8f4850,Yeşil Sol Parti,2023-04-22T06:05:48.168Z,bee74ba9-dd25-45b0-b0f7-7fbfa2e43d41,YSP,true,true,Turkey,tr,176338225842984,Yeşil Sol Parti,Facebook
fed9ca1e-604b-4797-933b-910394695033,Yeşil Sol Batman,2023-05-06T06:55:07.709Z,4698d00b-507b-4925-8b83-05733f18fcc8,YSP,true,true,Turkey,tr,109839182079683,Yeşil Sol Batman,Facebook
